participant_id,question,task_type,interactive_feature,answer_is_correct,response_time,participant_uses_animation
1,1,Cluster,All,TRUE,73.142,FALSE
1,2,Compare,IT,TRUE,34.543,FALSE
1,3,Detect Change,None,TRUE,40.472,FALSE
1,4,Recognize,IT,TRUE,20.274,FALSE
1,5,Summarize,IT,TRUE,102.49,FALSE
1,6,Detect Change,All,TRUE,47.895,TRUE
1,7,Filter,All,TRUE,61.464,FALSE
1,8,Compare,None,FALSE,26.485,FALSE
1,9,Cluster,LB,TRUE,45.507,FALSE
1,10,Filter,LB,TRUE,70.072,FALSE
1,11,Find Adjacency,None,TRUE,35.075,FALSE
1,12,Find Top,All,TRUE,64.044,FALSE
1,13,Cluster,CSA,TRUE,51.858,FALSE
1,14,Compare,CSA,TRUE,16.93,FALSE
1,15,Find Top,LB,TRUE,37.168,FALSE
1,16,Find Adjacency,LB,TRUE,37.322,FALSE
1,17,Compare,LB,TRUE,20.067,FALSE
1,18,Summarize,None,FALSE,76.289,FALSE
1,19,Recognize,All,TRUE,17.005,FALSE
1,20,Find Top,CSA,TRUE,25.512,FALSE
1,21,Cluster,IT,TRUE,39.355,FALSE
1,22,Summarize,CSA,TRUE,42.86,TRUE
1,23,Find Adjacency,CSA,TRUE,18.499,FALSE
1,24,Recognize,LB,TRUE,8.341,FALSE
1,25,Summarize,All,TRUE,39.194,TRUE
1,26,Recognize,CSA,TRUE,15.828,FALSE
1,27,Find Top,IT,TRUE,39.967,FALSE
1,28,Detect Change,IT,TRUE,31.885,FALSE
1,29,Cluster,None,TRUE,41.333,FALSE
1,30,Compare,All,TRUE,24.909,FALSE
1,31,Filter,None,FALSE,23.038,FALSE
1,32,Detect Change,LB,TRUE,16.212,FALSE
1,33,Find Top,None,TRUE,32.083,FALSE
1,34,Summarize,LB,TRUE,42.126,FALSE
1,35,Filter,IT,TRUE,62.151,FALSE
1,36,Find Adjacency,IT,TRUE,20.301,FALSE
1,37,Recognize,None,TRUE,8.836,FALSE
1,38,Find Adjacency,All,TRUE,22.009,FALSE
1,39,Detect Change,CSA,TRUE,23.786,TRUE
1,40,Filter,CSA,TRUE,36.702,FALSE
2,1,Cluster,None,TRUE,93.666,FALSE
2,2,Compare,CSA,TRUE,45.407,TRUE
2,3,Detect Change,LB,TRUE,42.85,FALSE
2,4,Recognize,CSA,TRUE,31.928,TRUE
2,5,Summarize,CSA,TRUE,52.16,TRUE
2,6,Detect Change,None,FALSE,48.439,FALSE
2,7,Filter,None,TRUE,34.975,FALSE
2,8,Compare,LB,FALSE,41.359,FALSE
2,9,Cluster,IT,TRUE,69.163,FALSE
2,10,Filter,IT,TRUE,70.615,FALSE
2,11,Find Adjacency,LB,TRUE,14.913,FALSE
2,12,Find Top,None,TRUE,12.408,FALSE
2,13,Cluster,All,TRUE,58.651,FALSE
2,14,Compare,All,TRUE,47.775,FALSE
2,15,Find Top,IT,TRUE,33.175,FALSE
2,16,Find Adjacency,IT,TRUE,28.604,FALSE
2,17,Compare,IT,TRUE,42.035,FALSE
2,18,Summarize,LB,FALSE,84.925,FALSE
2,19,Recognize,None,TRUE,14.194,FALSE
2,20,Find Top,All,TRUE,18.617,FALSE
2,21,Cluster,CSA,TRUE,78.148,TRUE
2,22,Summarize,All,TRUE,47.777,TRUE
2,23,Find Adjacency,All,TRUE,15.136,FALSE
2,24,Recognize,IT,TRUE,19.483,FALSE
2,25,Summarize,None,FALSE,58.611,FALSE
2,26,Recognize,All,TRUE,12.131,FALSE
2,27,Find Top,CSA,TRUE,55.778,TRUE
2,28,Detect Change,CSA,TRUE,29.258,TRUE
2,29,Cluster,LB,TRUE,64.567,FALSE
2,30,Compare,None,TRUE,42.949,FALSE
2,31,Filter,LB,TRUE,49.448,FALSE
2,32,Detect Change,IT,TRUE,71.451,FALSE
2,33,Find Top,LB,TRUE,41.333,FALSE
2,34,Summarize,IT,FALSE,47.751,FALSE
2,35,Filter,CSA,TRUE,34.047,FALSE
2,36,Find Adjacency,CSA,TRUE,19.097,FALSE
2,37,Recognize,LB,TRUE,12.505,FALSE
2,38,Find Adjacency,None,TRUE,35.679,FALSE
2,39,Detect Change,All,FALSE,37.832,TRUE
2,40,Filter,All,TRUE,71.457,FALSE
3,1,Cluster,LB,TRUE,86.228,FALSE
3,2,Compare,All,TRUE,25.464,FALSE
3,3,Detect Change,IT,TRUE,32.306,FALSE
3,4,Recognize,All,TRUE,10.041,FALSE
3,5,Summarize,All,TRUE,49.336,TRUE
3,6,Detect Change,LB,TRUE,28.877,FALSE
3,7,Filter,LB,FALSE,59.441,FALSE
3,8,Compare,IT,TRUE,27.935,FALSE
3,9,Cluster,CSA,FALSE,80.24,TRUE
3,10,Filter,CSA,TRUE,64.902,FALSE
3,11,Find Adjacency,IT,TRUE,19.658,FALSE
3,12,Find Top,LB,TRUE,21.384,FALSE
3,13,Cluster,None,TRUE,94.243,FALSE
3,14,Compare,None,TRUE,35.625,FALSE
3,15,Find Top,CSA,TRUE,29.519,TRUE
3,16,Find Adjacency,CSA,TRUE,34.648,FALSE
3,17,Compare,CSA,TRUE,38.166,TRUE
3,18,Summarize,IT,TRUE,80.794,FALSE
3,19,Recognize,LB,TRUE,10.705,FALSE
3,20,Find Top,None,TRUE,9.933,FALSE
3,21,Cluster,All,TRUE,62.377,FALSE
3,22,Summarize,None,TRUE,28.135,FALSE
3,23,Find Adjacency,None,TRUE,16.689,FALSE
3,24,Recognize,CSA,TRUE,21.799,TRUE
3,25,Summarize,LB,TRUE,31.412,FALSE
3,26,Recognize,None,TRUE,11.443,FALSE
3,27,Find Top,All,TRUE,22.515,FALSE
3,28,Detect Change,All,FALSE,16.22,TRUE
3,29,Cluster,IT,TRUE,45.062,FALSE
3,30,Compare,LB,TRUE,26.323,FALSE
3,31,Filter,IT,TRUE,55.919,FALSE
3,32,Detect Change,CSA,TRUE,21.604,TRUE
3,33,Find Top,IT,TRUE,20.282,FALSE
3,34,Summarize,CSA,TRUE,33.869,TRUE
3,35,Filter,All,TRUE,80.172,FALSE
3,36,Find Adjacency,All,TRUE,19.026,FALSE
3,37,Recognize,IT,TRUE,9.206,FALSE
3,38,Find Adjacency,LB,TRUE,16.865,FALSE
3,39,Detect Change,None,TRUE,24.685,FALSE
3,40,Filter,None,TRUE,54.384,FALSE
4,1,Cluster,IT,TRUE,56.851,FALSE
4,2,Compare,None,TRUE,44.4,FALSE
4,3,Detect Change,CSA,TRUE,44.589,TRUE
4,4,Recognize,None,TRUE,34.029,FALSE
4,5,Summarize,None,FALSE,60.598,FALSE
4,6,Detect Change,IT,TRUE,58.483,FALSE
4,7,Filter,IT,TRUE,69.2,FALSE
4,8,Compare,CSA,TRUE,39.085,FALSE
4,9,Cluster,All,FALSE,59.719,FALSE
4,10,Filter,All,FALSE,106.153,FALSE
4,11,Find Adjacency,CSA,TRUE,64.134,FALSE
4,12,Find Top,IT,TRUE,20.077,FALSE
4,13,Cluster,LB,TRUE,34.646,FALSE
4,14,Compare,LB,FALSE,62.243,FALSE
4,15,Find Top,All,TRUE,38.662,FALSE
4,16,Find Adjacency,All,TRUE,15.636,FALSE
4,17,Compare,All,TRUE,21.391,FALSE
4,18,Summarize,CSA,TRUE,45.127,TRUE
4,19,Recognize,IT,TRUE,8.063,FALSE
4,20,Find Top,LB,TRUE,30.454,FALSE
4,21,Cluster,None,TRUE,69.968,FALSE
4,22,Summarize,LB,FALSE,28.373,FALSE
4,23,Find Adjacency,LB,TRUE,26.545,FALSE
4,24,Recognize,All,TRUE,9.799,FALSE
4,25,Summarize,IT,TRUE,21.052,FALSE
4,26,Recognize,LB,TRUE,7.422,FALSE
4,27,Find Top,None,FALSE,52.052,FALSE
4,28,Detect Change,None,FALSE,25.746,FALSE
4,29,Cluster,CSA,TRUE,39.697,FALSE
4,30,Compare,IT,TRUE,26.503,FALSE
4,31,Filter,CSA,TRUE,36.208,FALSE
4,32,Detect Change,All,TRUE,24.774,FALSE
4,33,Find Top,CSA,TRUE,10.043,FALSE
4,34,Summarize,All,TRUE,28.344,TRUE
4,35,Filter,None,FALSE,53.663,FALSE
4,36,Find Adjacency,None,FALSE,15.149,FALSE
4,37,Recognize,CSA,TRUE,7.237,FALSE
4,38,Find Adjacency,IT,TRUE,14.423,FALSE
4,39,Detect Change,LB,TRUE,20.349,FALSE
4,40,Filter,LB,TRUE,58.431,FALSE
5,1,Cluster,CSA,TRUE,46.66,FALSE
5,2,Compare,LB,TRUE,31.74,FALSE
5,3,Detect Change,All,TRUE,23.373,TRUE
5,4,Recognize,LB,TRUE,27.735,FALSE
5,5,Summarize,LB,FALSE,62.59,FALSE
5,6,Detect Change,CSA,TRUE,32.223,TRUE
5,7,Filter,CSA,TRUE,54.948,FALSE
5,8,Compare,All,TRUE,27.105,FALSE
5,9,Cluster,None,TRUE,64.885,FALSE
5,10,Filter,None,TRUE,64.178,FALSE
5,11,Find Adjacency,All,TRUE,35.915,FALSE
5,12,Find Top,CSA,TRUE,10.944,FALSE
5,13,Cluster,IT,TRUE,93.706,FALSE
5,14,Compare,IT,TRUE,63.736,FALSE
5,15,Find Top,None,TRUE,25.309,FALSE
5,16,Find Adjacency,None,TRUE,16.906,FALSE
5,17,Compare,None,TRUE,28.312,FALSE
5,18,Summarize,All,FALSE,48.479,TRUE
5,19,Recognize,CSA,TRUE,13.353,FALSE
5,20,Find Top,IT,TRUE,12.399,FALSE
5,21,Cluster,LB,TRUE,19.268,FALSE
5,22,Summarize,IT,FALSE,23.932,FALSE
5,23,Find Adjacency,IT,TRUE,17.448,FALSE
5,24,Recognize,None,TRUE,10.92,FALSE
5,25,Summarize,CSA,TRUE,40.943,TRUE
5,26,Recognize,IT,TRUE,16.623,FALSE
5,27,Find Top,LB,TRUE,15.399,FALSE
5,28,Detect Change,LB,FALSE,19.747,FALSE
5,29,Cluster,All,TRUE,21.034,FALSE
5,30,Compare,CSA,FALSE,50.062,TRUE
5,31,Filter,All,TRUE,47.442,FALSE
5,32,Detect Change,None,TRUE,26.268,FALSE
5,33,Find Top,All,TRUE,11.264,FALSE
5,34,Summarize,None,FALSE,34.728,FALSE
5,35,Filter,LB,TRUE,78.557,FALSE
5,36,Find Adjacency,LB,TRUE,15.284,FALSE
5,37,Recognize,All,TRUE,11.133,FALSE
5,38,Find Adjacency,CSA,TRUE,21.705,FALSE
5,39,Detect Change,IT,TRUE,18.639,FALSE
5,40,Filter,IT,TRUE,64.279,FALSE
6,1,Cluster,All,TRUE,90.683,FALSE
6,2,Compare,IT,TRUE,30.053,FALSE
6,3,Detect Change,None,TRUE,23.921,FALSE
6,4,Recognize,IT,TRUE,18.843,FALSE
6,5,Summarize,IT,FALSE,68.655,FALSE
6,6,Detect Change,All,TRUE,44.27,TRUE
6,7,Filter,All,TRUE,30.494,FALSE
6,8,Compare,None,TRUE,31.15,FALSE
6,9,Cluster,LB,FALSE,76.567,FALSE
6,10,Filter,LB,TRUE,55.245,FALSE
6,11,Find Adjacency,None,TRUE,21.442,FALSE
6,12,Find Top,All,TRUE,9.122,FALSE
6,13,Cluster,CSA,TRUE,59.986,FALSE
6,14,Compare,CSA,TRUE,50.958,FALSE
6,15,Find Top,LB,TRUE,51.684,FALSE
6,16,Find Adjacency,LB,TRUE,33.739,FALSE
6,17,Compare,LB,TRUE,21.843,FALSE
6,18,Summarize,None,FALSE,30.683,FALSE
6,19,Recognize,All,TRUE,9.651,FALSE
6,20,Find Top,CSA,TRUE,9.531,FALSE
6,21,Cluster,IT,TRUE,54.7,FALSE
6,22,Summarize,CSA,TRUE,28.066,TRUE
6,23,Find Adjacency,CSA,TRUE,23.498,FALSE
6,24,Recognize,LB,TRUE,11.383,FALSE
6,25,Summarize,All,TRUE,24.086,TRUE
6,26,Recognize,CSA,TRUE,9.485,FALSE
6,27,Find Top,IT,TRUE,56.865,FALSE
6,28,Detect Change,IT,TRUE,24.906,FALSE
6,29,Cluster,None,TRUE,51.947,FALSE
6,30,Compare,All,TRUE,28.298,FALSE
6,31,Filter,None,FALSE,62.111,FALSE
6,32,Detect Change,LB,TRUE,17.639,FALSE
6,33,Find Top,None,TRUE,49.952,FALSE
6,34,Summarize,LB,FALSE,13.583,FALSE
6,35,Filter,IT,TRUE,61.438,FALSE
6,36,Find Adjacency,IT,TRUE,25.158,FALSE
6,37,Recognize,None,TRUE,8.593,FALSE
6,38,Find Adjacency,All,TRUE,27.963,FALSE
6,39,Detect Change,CSA,TRUE,22.388,TRUE
6,40,Filter,CSA,TRUE,57.213,FALSE
7,1,Cluster,None,TRUE,35.606,FALSE
7,2,Compare,CSA,TRUE,43.548,FALSE
7,3,Detect Change,LB,TRUE,26.052,FALSE
7,4,Recognize,CSA,TRUE,11.939,FALSE
7,5,Summarize,CSA,TRUE,39.954,TRUE
7,6,Detect Change,None,TRUE,31.726,FALSE
7,7,Filter,None,TRUE,24.306,FALSE
7,8,Compare,LB,TRUE,18.459,FALSE
7,9,Cluster,IT,TRUE,44.532,FALSE
7,10,Filter,IT,TRUE,76.839,FALSE
7,11,Find Adjacency,LB,TRUE,18.178,FALSE
7,12,Find Top,None,TRUE,8.703,FALSE
7,13,Cluster,All,TRUE,22.957,FALSE
7,14,Compare,All,TRUE,52.055,FALSE
7,15,Find Top,IT,TRUE,12.069,FALSE
7,16,Find Adjacency,IT,TRUE,19.41,FALSE
7,17,Compare,IT,TRUE,40.481,FALSE
7,18,Summarize,LB,FALSE,49.33,FALSE
7,19,Recognize,None,TRUE,9.445,FALSE
7,20,Find Top,All,TRUE,19.943,FALSE
7,21,Cluster,CSA,TRUE,44.071,FALSE
7,22,Summarize,All,TRUE,30.029,TRUE
7,23,Find Adjacency,All,TRUE,20.355,FALSE
7,24,Recognize,IT,TRUE,9.579,FALSE
7,25,Summarize,None,TRUE,17.275,FALSE
7,26,Recognize,All,TRUE,7.932,FALSE
7,27,Find Top,CSA,TRUE,21.808,FALSE
7,28,Detect Change,CSA,TRUE,15.37,TRUE
7,29,Cluster,LB,FALSE,24.149,FALSE
7,30,Compare,None,TRUE,24.569,FALSE
7,31,Filter,LB,TRUE,37.74,FALSE
7,32,Detect Change,IT,TRUE,24.932,FALSE
7,33,Find Top,LB,TRUE,13.789,FALSE
7,34,Summarize,IT,FALSE,28.736,FALSE
7,35,Filter,CSA,TRUE,60.481,FALSE
7,36,Find Adjacency,CSA,TRUE,36.665,FALSE
7,37,Recognize,LB,TRUE,7.624,FALSE
7,38,Find Adjacency,None,TRUE,21.779,FALSE
7,39,Detect Change,All,TRUE,21.479,TRUE
7,40,Filter,All,TRUE,38.405,FALSE
8,1,Cluster,LB,TRUE,45.429,FALSE
8,2,Compare,All,TRUE,27.931,FALSE
8,3,Detect Change,IT,TRUE,29.238,FALSE
8,4,Recognize,All,TRUE,11.335,FALSE
8,5,Summarize,All,TRUE,51.975,TRUE
8,6,Detect Change,LB,FALSE,31.789,FALSE
8,7,Filter,LB,FALSE,24.642,FALSE
8,8,Compare,IT,TRUE,33.466,FALSE
8,9,Cluster,CSA,TRUE,30.669,TRUE
8,10,Filter,CSA,TRUE,31.502,TRUE
8,11,Find Adjacency,IT,TRUE,24.536,FALSE
8,12,Find Top,LB,TRUE,11.673,FALSE
8,13,Cluster,None,TRUE,50.178,FALSE
8,14,Compare,None,TRUE,17.872,FALSE
8,15,Find Top,CSA,TRUE,34.12,TRUE
8,16,Find Adjacency,CSA,TRUE,34.77,TRUE
8,17,Compare,CSA,TRUE,12.78,FALSE
8,18,Summarize,IT,FALSE,21.319,FALSE
8,19,Recognize,LB,TRUE,9.214,FALSE
8,20,Find Top,None,TRUE,7.228,FALSE
8,21,Cluster,All,TRUE,49.867,FALSE
8,22,Summarize,None,FALSE,36.295,FALSE
8,23,Find Adjacency,None,TRUE,26.328,FALSE
8,24,Recognize,CSA,TRUE,8.632,TRUE
8,25,Summarize,LB,FALSE,15.007,FALSE
8,26,Recognize,None,TRUE,4.756,FALSE
8,27,Find Top,All,TRUE,43.701,FALSE
8,28,Detect Change,All,TRUE,18.012,TRUE
8,29,Cluster,IT,TRUE,36.423,FALSE
8,30,Compare,LB,FALSE,22.192,FALSE
8,31,Filter,IT,TRUE,35.783,FALSE
8,32,Detect Change,CSA,TRUE,19.369,TRUE
8,33,Find Top,IT,TRUE,6.946,FALSE
8,34,Summarize,CSA,TRUE,20.968,TRUE
8,35,Filter,All,TRUE,63.271,FALSE
8,36,Find Adjacency,All,TRUE,13.868,FALSE
8,37,Recognize,IT,TRUE,4.734,FALSE
8,38,Find Adjacency,LB,TRUE,19.167,FALSE
8,39,Detect Change,None,TRUE,14.614,FALSE
8,40,Filter,None,TRUE,46.53,FALSE
9,1,Cluster,IT,TRUE,51.049,FALSE
9,2,Compare,None,TRUE,26.77,FALSE
9,3,Detect Change,CSA,TRUE,52.938,TRUE
9,4,Recognize,None,TRUE,12.369,FALSE
9,5,Summarize,None,FALSE,28.114,FALSE
9,6,Detect Change,IT,TRUE,24.784,FALSE
9,7,Filter,IT,TRUE,26.588,FALSE
9,8,Compare,CSA,TRUE,33.935,FALSE
9,9,Cluster,All,TRUE,54.658,FALSE
9,10,Filter,All,FALSE,78.71,FALSE
9,11,Find Adjacency,CSA,TRUE,16.992,FALSE
9,12,Find Top,IT,TRUE,12.542,FALSE
9,13,Cluster,LB,TRUE,57.63,FALSE
9,14,Compare,LB,TRUE,39.905,FALSE
9,15,Find Top,All,TRUE,26.618,FALSE
9,16,Find Adjacency,All,TRUE,15.785,FALSE
9,17,Compare,All,TRUE,27.086,FALSE
9,18,Summarize,CSA,FALSE,50.448,TRUE
9,19,Recognize,IT,TRUE,6.154,FALSE
9,20,Find Top,LB,TRUE,16.111,FALSE
9,21,Cluster,None,TRUE,28.503,FALSE
9,22,Summarize,LB,FALSE,20.109,FALSE
9,23,Find Adjacency,LB,TRUE,10.374,FALSE
9,24,Recognize,All,TRUE,12.156,FALSE
9,25,Summarize,IT,FALSE,46.058,FALSE
9,26,Recognize,LB,TRUE,9.525,FALSE
9,27,Find Top,None,TRUE,29.111,FALSE
9,28,Detect Change,None,TRUE,22.869,FALSE
9,29,Cluster,CSA,FALSE,44.367,FALSE
9,30,Compare,IT,TRUE,24.206,FALSE
9,31,Filter,CSA,TRUE,24.253,FALSE
9,32,Detect Change,All,TRUE,21.454,TRUE
9,33,Find Top,CSA,TRUE,6.827,FALSE
9,34,Summarize,All,FALSE,38.378,TRUE
9,35,Filter,None,TRUE,42.912,FALSE
9,36,Find Adjacency,None,TRUE,17.729,FALSE
9,37,Recognize,CSA,TRUE,4.571,FALSE
9,38,Find Adjacency,IT,TRUE,19.091,FALSE
9,39,Detect Change,LB,FALSE,14.743,FALSE
9,40,Filter,LB,FALSE,56.839,FALSE
10,1,Cluster,CSA,FALSE,88.304,FALSE
10,2,Compare,LB,TRUE,35.027,FALSE
10,3,Detect Change,All,TRUE,38.645,TRUE
10,4,Recognize,LB,TRUE,11.224,FALSE
10,5,Summarize,LB,FALSE,29.566,FALSE
10,6,Detect Change,CSA,TRUE,23.055,TRUE
10,7,Filter,CSA,TRUE,31.606,FALSE
10,8,Compare,All,TRUE,32.386,FALSE
10,9,Cluster,None,FALSE,32.734,FALSE
10,10,Filter,None,TRUE,43.475,FALSE
10,11,Find Adjacency,All,TRUE,19.886,FALSE
10,12,Find Top,CSA,TRUE,11.153,FALSE
10,13,Cluster,IT,FALSE,70.608,FALSE
10,14,Compare,IT,FALSE,31.846,FALSE
10,15,Find Top,None,TRUE,24.888,FALSE
10,16,Find Adjacency,None,TRUE,32.422,FALSE
10,17,Compare,None,TRUE,15.357,FALSE
10,18,Summarize,All,FALSE,27.386,TRUE
10,19,Recognize,CSA,TRUE,9.071,FALSE
10,20,Find Top,IT,TRUE,14.48,FALSE
10,21,Cluster,LB,TRUE,107.586,FALSE
10,22,Summarize,IT,FALSE,17.008,FALSE
10,23,Find Adjacency,IT,TRUE,23.459,FALSE
10,24,Recognize,None,TRUE,9.259,FALSE
10,25,Summarize,CSA,TRUE,33.421,TRUE
10,26,Recognize,IT,TRUE,5.02,FALSE
10,27,Find Top,LB,TRUE,24.359,FALSE
10,28,Detect Change,LB,FALSE,13.355,FALSE
10,29,Cluster,All,TRUE,23.132,FALSE
10,30,Compare,CSA,TRUE,18.599,FALSE
10,31,Filter,All,TRUE,107.001,FALSE
10,32,Detect Change,None,TRUE,18.188,FALSE
10,33,Find Top,All,TRUE,8.585,FALSE
10,34,Summarize,None,FALSE,15.014,FALSE
10,35,Filter,LB,TRUE,37.946,FALSE
10,36,Find Adjacency,LB,TRUE,12.291,FALSE
10,37,Recognize,All,TRUE,10.593,FALSE
10,38,Find Adjacency,CSA,TRUE,17.276,FALSE
10,39,Detect Change,IT,FALSE,14.11,FALSE
10,40,Filter,IT,TRUE,63.845,FALSE
11,1,Cluster,All,TRUE,81.731,FALSE
11,2,Compare,IT,TRUE,43.018,FALSE
11,3,Detect Change,None,TRUE,37.868,FALSE
11,4,Recognize,IT,TRUE,12.874,FALSE
11,5,Summarize,IT,TRUE,46.814,FALSE
11,6,Detect Change,All,FALSE,28.619,TRUE
11,7,Filter,All,TRUE,26.937,FALSE
11,8,Compare,None,TRUE,27.642,FALSE
11,9,Cluster,LB,TRUE,47.77,FALSE
11,10,Filter,LB,FALSE,69.8,FALSE
11,11,Find Adjacency,None,TRUE,26.623,FALSE
11,12,Find Top,All,TRUE,9.206,FALSE
11,13,Cluster,CSA,TRUE,74.614,FALSE
11,14,Compare,CSA,TRUE,27.527,FALSE
11,15,Find Top,LB,TRUE,41.618,FALSE
11,16,Find Adjacency,LB,TRUE,19.212,FALSE
11,17,Compare,LB,TRUE,30.134,FALSE
11,18,Summarize,None,FALSE,29.57,FALSE
11,19,Recognize,All,TRUE,7.778,FALSE
11,20,Find Top,CSA,TRUE,5.79,FALSE
11,21,Cluster,IT,TRUE,34.513,FALSE
11,22,Summarize,CSA,TRUE,22.568,TRUE
11,23,Find Adjacency,CSA,TRUE,10.135,FALSE
11,24,Recognize,LB,TRUE,8.483,FALSE
11,25,Summarize,All,TRUE,25.812,TRUE
11,26,Recognize,CSA,TRUE,4.353,FALSE
11,27,Find Top,IT,TRUE,14.856,FALSE
11,28,Detect Change,IT,FALSE,16.047,FALSE
11,29,Cluster,None,TRUE,40.393,FALSE
11,30,Compare,All,TRUE,25.221,FALSE
11,31,Filter,None,TRUE,35.437,FALSE
11,32,Detect Change,LB,TRUE,23.954,FALSE
11,33,Find Top,None,TRUE,8.354,FALSE
11,34,Summarize,LB,FALSE,23.094,FALSE
11,35,Filter,IT,FALSE,39.495,FALSE
11,36,Find Adjacency,IT,TRUE,15.635,FALSE
11,37,Recognize,None,TRUE,10.038,FALSE
11,38,Find Adjacency,All,TRUE,36.607,FALSE
11,39,Detect Change,CSA,FALSE,19.388,TRUE
11,40,Filter,CSA,TRUE,49.891,FALSE
12,1,Cluster,None,TRUE,65.244,FALSE
12,2,Compare,CSA,TRUE,42.06,FALSE
12,3,Detect Change,LB,TRUE,39.337,FALSE
12,4,Recognize,CSA,TRUE,31.285,FALSE
12,5,Summarize,CSA,TRUE,48.732,TRUE
12,6,Detect Change,None,TRUE,49.431,FALSE
12,7,Filter,None,TRUE,57.628,FALSE
12,8,Compare,LB,TRUE,30.827,FALSE
12,9,Cluster,IT,TRUE,67.966,FALSE
12,10,Filter,IT,TRUE,84.91,FALSE
12,11,Find Adjacency,LB,TRUE,41.67,FALSE
12,12,Find Top,None,TRUE,22.571,FALSE
12,13,Cluster,All,TRUE,49.773,FALSE
12,14,Compare,All,TRUE,44.545,FALSE
12,15,Find Top,IT,TRUE,50.546,FALSE
12,16,Find Adjacency,IT,TRUE,53.348,FALSE
12,17,Compare,IT,TRUE,40.289,FALSE
12,18,Summarize,LB,FALSE,53.708,FALSE
12,19,Recognize,None,TRUE,14.87,FALSE
12,20,Find Top,All,TRUE,53.739,FALSE
12,21,Cluster,CSA,TRUE,114.427,FALSE
12,22,Summarize,All,TRUE,32.536,TRUE
12,23,Find Adjacency,All,TRUE,20.264,FALSE
12,24,Recognize,IT,TRUE,17.858,FALSE
12,25,Summarize,None,TRUE,24.565,FALSE
12,26,Recognize,All,TRUE,23.311,FALSE
12,27,Find Top,CSA,FALSE,42.44,FALSE
12,28,Detect Change,CSA,TRUE,22.924,TRUE
12,29,Cluster,LB,FALSE,68.575,FALSE
12,30,Compare,None,TRUE,26.855,FALSE
12,31,Filter,LB,TRUE,48.247,FALSE
12,32,Detect Change,IT,TRUE,51.485,FALSE
12,33,Find Top,LB,TRUE,33.235,FALSE
12,34,Summarize,IT,TRUE,21.474,FALSE
12,35,Filter,CSA,TRUE,112.376,FALSE
12,36,Find Adjacency,CSA,TRUE,39.98,FALSE
12,37,Recognize,LB,TRUE,12.739,FALSE
12,38,Find Adjacency,None,TRUE,21.196,FALSE
12,39,Detect Change,All,TRUE,34.842,TRUE
12,40,Filter,All,TRUE,79.872,FALSE
13,1,Cluster,LB,TRUE,64.027,FALSE
13,2,Compare,All,TRUE,39.281,TRUE
13,3,Detect Change,IT,TRUE,48.313,FALSE
13,4,Recognize,All,TRUE,27.032,FALSE
13,5,Summarize,All,TRUE,75.575,TRUE
13,6,Detect Change,LB,TRUE,66.888,FALSE
13,7,Filter,LB,TRUE,64.058,FALSE
13,8,Compare,IT,TRUE,60.308,FALSE
13,9,Cluster,CSA,TRUE,56.418,FALSE
13,10,Filter,CSA,FALSE,77.365,FALSE
13,11,Find Adjacency,IT,TRUE,38.673,FALSE
13,12,Find Top,LB,TRUE,39.081,FALSE
13,13,Cluster,None,TRUE,63.166,FALSE
13,14,Compare,None,TRUE,27.994,FALSE
13,15,Find Top,CSA,TRUE,42.68,TRUE
13,16,Find Adjacency,CSA,TRUE,49.467,FALSE
13,17,Compare,CSA,TRUE,39.557,FALSE
13,18,Summarize,IT,TRUE,69.215,FALSE
13,19,Recognize,LB,TRUE,17.305,FALSE
13,20,Find Top,None,TRUE,16.946,FALSE
13,21,Cluster,All,TRUE,51.077,FALSE
13,22,Summarize,None,FALSE,50.402,FALSE
13,23,Find Adjacency,None,TRUE,35.648,FALSE
13,24,Recognize,CSA,TRUE,9.874,FALSE
13,25,Summarize,LB,TRUE,60.476,FALSE
13,26,Recognize,None,TRUE,8.796,FALSE
13,27,Find Top,All,TRUE,59.455,FALSE
13,28,Detect Change,All,TRUE,27.039,TRUE
13,29,Cluster,IT,TRUE,50.879,FALSE
13,30,Compare,LB,TRUE,24.343,FALSE
13,31,Filter,IT,TRUE,44.839,FALSE
13,32,Detect Change,CSA,TRUE,28.025,TRUE
13,33,Find Top,IT,TRUE,36.639,FALSE
13,34,Summarize,CSA,TRUE,32.849,TRUE
13,35,Filter,All,TRUE,53.796,FALSE
13,36,Find Adjacency,All,TRUE,16.44,FALSE
13,37,Recognize,IT,TRUE,9.499,FALSE
13,38,Find Adjacency,LB,TRUE,14,FALSE
13,39,Detect Change,None,TRUE,18.342,FALSE
13,40,Filter,None,TRUE,47.366,FALSE
14,1,Cluster,IT,TRUE,50.778,FALSE
14,2,Compare,None,TRUE,29.26,FALSE
14,3,Detect Change,CSA,TRUE,27.247,TRUE
14,4,Recognize,None,TRUE,9.128,FALSE
14,5,Summarize,None,FALSE,41.965,FALSE
14,6,Detect Change,IT,TRUE,20.675,FALSE
14,7,Filter,IT,FALSE,58.11,FALSE
14,8,Compare,CSA,TRUE,22.828,FALSE
14,9,Cluster,All,TRUE,101.023,FALSE
14,10,Filter,All,TRUE,18.176,FALSE
14,11,Find Adjacency,CSA,TRUE,42.465,FALSE
14,12,Find Top,IT,TRUE,10.191,FALSE
14,13,Cluster,LB,FALSE,66.974,FALSE
14,14,Compare,LB,TRUE,22.793,FALSE
14,15,Find Top,All,TRUE,27.824,FALSE
14,16,Find Adjacency,All,TRUE,30.08,FALSE
14,17,Compare,All,TRUE,22.778,FALSE
14,18,Summarize,CSA,TRUE,45.573,TRUE
14,19,Recognize,IT,TRUE,6.716,FALSE
14,20,Find Top,LB,TRUE,11.369,FALSE
14,21,Cluster,None,TRUE,18.139,FALSE
14,22,Summarize,LB,TRUE,18.176,FALSE
14,23,Find Adjacency,LB,TRUE,7.161,FALSE
14,24,Recognize,All,TRUE,6.947,FALSE
14,25,Summarize,IT,FALSE,13.032,FALSE
14,26,Recognize,LB,TRUE,9.871,FALSE
14,27,Find Top,None,TRUE,20.306,FALSE
14,28,Detect Change,None,FALSE,17.437,FALSE
14,29,Cluster,CSA,TRUE,44.706,FALSE
14,30,Compare,IT,TRUE,25.891,FALSE
14,31,Filter,CSA,TRUE,35.146,FALSE
14,32,Detect Change,All,TRUE,11.982,FALSE
14,33,Find Top,CSA,TRUE,7.874,FALSE
14,34,Summarize,All,TRUE,32.07,TRUE
14,35,Filter,None,TRUE,37.838,FALSE
14,36,Find Adjacency,None,TRUE,24.118,FALSE
14,37,Recognize,CSA,TRUE,7.791,FALSE
14,38,Find Adjacency,IT,TRUE,36.07,FALSE
14,39,Detect Change,LB,TRUE,18.723,FALSE
14,40,Filter,LB,TRUE,46.699,FALSE
15,1,Cluster,CSA,FALSE,129.491,TRUE
15,2,Compare,LB,TRUE,36.595,FALSE
15,3,Detect Change,All,TRUE,36.003,TRUE
15,4,Recognize,LB,TRUE,13.891,FALSE
15,5,Summarize,LB,FALSE,71.33,FALSE
15,6,Detect Change,CSA,TRUE,35.73,TRUE
15,7,Filter,CSA,TRUE,63.69,FALSE
15,8,Compare,All,TRUE,39.854,FALSE
15,9,Cluster,None,TRUE,70.565,FALSE
15,10,Filter,None,TRUE,38.768,FALSE
15,11,Find Adjacency,All,TRUE,13.994,FALSE
15,12,Find Top,CSA,TRUE,22.817,TRUE
15,13,Cluster,IT,TRUE,59.712,FALSE
15,14,Compare,IT,TRUE,41.686,FALSE
15,15,Find Top,None,TRUE,24.576,FALSE
15,16,Find Adjacency,None,TRUE,34.984,FALSE
15,17,Compare,None,TRUE,37.595,FALSE
15,18,Summarize,All,FALSE,77.011,TRUE
15,19,Recognize,CSA,TRUE,12.752,FALSE
15,20,Find Top,IT,TRUE,35.312,FALSE
15,21,Cluster,LB,TRUE,65.736,FALSE
15,22,Summarize,IT,TRUE,52.211,FALSE
15,23,Find Adjacency,IT,TRUE,32.893,FALSE
15,24,Recognize,None,TRUE,12.935,FALSE
15,25,Summarize,CSA,TRUE,19.826,TRUE
15,26,Recognize,IT,TRUE,5.589,FALSE
15,27,Find Top,LB,TRUE,24.367,FALSE
15,28,Detect Change,LB,TRUE,21.393,FALSE
15,29,Cluster,All,TRUE,43.95,FALSE
15,30,Compare,CSA,TRUE,27.554,FALSE
15,31,Filter,All,TRUE,49.979,FALSE
15,32,Detect Change,None,TRUE,15.862,FALSE
15,33,Find Top,All,TRUE,41.302,TRUE
15,34,Summarize,None,FALSE,34.976,FALSE
15,35,Filter,LB,TRUE,32.298,FALSE
15,36,Find Adjacency,LB,TRUE,24.912,FALSE
15,37,Recognize,All,TRUE,9.144,FALSE
15,38,Find Adjacency,CSA,TRUE,16.128,FALSE
15,39,Detect Change,IT,TRUE,20.465,FALSE
15,40,Filter,IT,TRUE,92.434,FALSE
16,1,Cluster,All,TRUE,81.269,FALSE
16,2,Compare,IT,TRUE,43.696,FALSE
16,3,Detect Change,None,TRUE,46.719,FALSE
16,4,Recognize,IT,TRUE,28.217,FALSE
16,5,Summarize,IT,TRUE,63.618,FALSE
16,6,Detect Change,All,TRUE,48.456,TRUE
16,7,Filter,All,TRUE,36.863,FALSE
16,8,Compare,None,TRUE,31.142,FALSE
16,9,Cluster,LB,TRUE,61.75,FALSE
16,10,Filter,LB,TRUE,84.929,FALSE
16,11,Find Adjacency,None,TRUE,21.754,FALSE
16,12,Find Top,All,TRUE,22.433,FALSE
16,13,Cluster,CSA,TRUE,49.965,FALSE
16,14,Compare,CSA,TRUE,34.495,TRUE
16,15,Find Top,LB,TRUE,31.628,FALSE
16,16,Find Adjacency,LB,FALSE,28.12,FALSE
16,17,Compare,LB,TRUE,30.451,FALSE
16,18,Summarize,None,FALSE,45.257,FALSE
16,19,Recognize,All,TRUE,12.359,FALSE
16,20,Find Top,CSA,TRUE,26.391,TRUE
16,21,Cluster,IT,TRUE,33.637,FALSE
16,22,Summarize,CSA,FALSE,33.754,TRUE
16,23,Find Adjacency,CSA,TRUE,22.116,FALSE
16,24,Recognize,LB,TRUE,16.608,FALSE
16,25,Summarize,All,TRUE,36.808,TRUE
16,26,Recognize,CSA,TRUE,10.818,FALSE
16,27,Find Top,IT,TRUE,46.744,FALSE
16,28,Detect Change,IT,TRUE,35.454,FALSE
16,29,Cluster,None,TRUE,38.908,FALSE
16,30,Compare,All,TRUE,35.084,FALSE
16,31,Filter,None,TRUE,38.396,FALSE
16,32,Detect Change,LB,TRUE,15.626,FALSE
16,33,Find Top,None,TRUE,12.083,FALSE
16,34,Summarize,LB,FALSE,45.283,FALSE
16,35,Filter,IT,TRUE,43.602,FALSE
16,36,Find Adjacency,IT,TRUE,24.417,FALSE
16,37,Recognize,None,TRUE,12.268,FALSE
16,38,Find Adjacency,All,TRUE,24.793,FALSE
16,39,Detect Change,CSA,TRUE,34.569,TRUE
16,40,Filter,CSA,TRUE,68.656,FALSE
17,1,Cluster,None,FALSE,138.834,FALSE
17,2,Compare,CSA,TRUE,43.29,FALSE
17,3,Detect Change,LB,TRUE,32.723,FALSE
17,4,Recognize,CSA,TRUE,17.448,TRUE
17,5,Summarize,CSA,TRUE,41.979,TRUE
17,6,Detect Change,None,TRUE,40.514,FALSE
17,7,Filter,None,TRUE,43.644,FALSE
17,8,Compare,LB,FALSE,33.449,FALSE
17,9,Cluster,IT,FALSE,56.72,FALSE
17,10,Filter,IT,TRUE,110.089,FALSE
17,11,Find Adjacency,LB,TRUE,20.906,FALSE
17,12,Find Top,None,TRUE,14.497,FALSE
17,13,Cluster,All,TRUE,83.354,FALSE
17,14,Compare,All,TRUE,19.907,FALSE
17,15,Find Top,IT,TRUE,53.253,FALSE
17,16,Find Adjacency,IT,TRUE,24.068,FALSE
17,17,Compare,IT,TRUE,35.798,FALSE
17,18,Summarize,LB,TRUE,42.18,FALSE
17,19,Recognize,None,TRUE,13.035,FALSE
17,20,Find Top,All,TRUE,18.49,FALSE
17,21,Cluster,CSA,TRUE,94.383,FALSE
17,22,Summarize,All,TRUE,29.393,TRUE
17,23,Find Adjacency,All,TRUE,11.095,FALSE
17,24,Recognize,IT,TRUE,5.759,FALSE
17,25,Summarize,None,FALSE,37.699,FALSE
17,26,Recognize,All,TRUE,12.002,FALSE
17,27,Find Top,CSA,TRUE,58.507,FALSE
17,28,Detect Change,CSA,TRUE,30.17,TRUE
17,29,Cluster,LB,TRUE,63.905,FALSE
17,30,Compare,None,TRUE,42.432,FALSE
17,31,Filter,LB,TRUE,38.965,FALSE
17,32,Detect Change,IT,TRUE,32.628,FALSE
17,33,Find Top,LB,TRUE,14.555,FALSE
17,34,Summarize,IT,TRUE,34.238,FALSE
17,35,Filter,CSA,TRUE,52.939,FALSE
17,36,Find Adjacency,CSA,TRUE,41.095,FALSE
17,37,Recognize,LB,TRUE,7.78,FALSE
17,38,Find Adjacency,None,TRUE,21.025,FALSE
17,39,Detect Change,All,TRUE,43.72,TRUE
17,40,Filter,All,TRUE,121.792,FALSE
18,1,Cluster,LB,TRUE,101.989,FALSE
18,2,Compare,All,TRUE,54.548,FALSE
18,3,Detect Change,IT,TRUE,68.957,FALSE
18,4,Recognize,All,TRUE,12.51,FALSE
18,5,Summarize,All,TRUE,50.731,TRUE
18,6,Detect Change,LB,TRUE,50.57,FALSE
18,7,Filter,LB,FALSE,102.632,FALSE
18,8,Compare,IT,TRUE,68.404,FALSE
18,9,Cluster,CSA,TRUE,180.802,TRUE
18,10,Filter,CSA,TRUE,107.815,FALSE
18,11,Find Adjacency,IT,TRUE,36.191,FALSE
18,12,Find Top,LB,TRUE,15.165,FALSE
18,13,Cluster,None,TRUE,97.117,FALSE
18,14,Compare,None,TRUE,56.325,FALSE
18,15,Find Top,CSA,TRUE,77.274,FALSE
18,16,Find Adjacency,CSA,TRUE,33.992,FALSE
18,17,Compare,CSA,TRUE,36.436,FALSE
18,18,Summarize,IT,FALSE,50.509,FALSE
18,19,Recognize,LB,TRUE,14.449,FALSE
18,20,Find Top,None,TRUE,23.633,FALSE
18,21,Cluster,All,TRUE,67.831,FALSE
18,22,Summarize,None,TRUE,23.258,FALSE
18,23,Find Adjacency,None,TRUE,16.663,FALSE
18,24,Recognize,CSA,TRUE,17.274,FALSE
18,25,Summarize,LB,TRUE,52.233,FALSE
18,26,Recognize,None,TRUE,9.432,FALSE
18,27,Find Top,All,FALSE,47.188,FALSE
18,28,Detect Change,All,TRUE,28.045,TRUE
18,29,Cluster,IT,TRUE,59.507,FALSE
18,30,Compare,LB,TRUE,35.361,FALSE
18,31,Filter,IT,TRUE,77.885,FALSE
18,32,Detect Change,CSA,TRUE,27,TRUE
18,33,Find Top,IT,TRUE,16.833,FALSE
18,34,Summarize,CSA,TRUE,21.58,TRUE
18,35,Filter,All,TRUE,83.572,FALSE
18,36,Find Adjacency,All,TRUE,15.149,FALSE
18,37,Recognize,IT,TRUE,7.869,FALSE
18,38,Find Adjacency,LB,TRUE,24.972,FALSE
18,39,Detect Change,None,TRUE,19.42,FALSE
18,40,Filter,None,TRUE,84.383,FALSE
19,1,Cluster,IT,TRUE,86.178,FALSE
19,2,Compare,None,TRUE,42.755,FALSE
19,3,Detect Change,CSA,TRUE,52.087,TRUE
19,4,Recognize,None,TRUE,17.133,FALSE
19,5,Summarize,None,TRUE,140.367,FALSE
19,6,Detect Change,IT,TRUE,41.259,FALSE
19,7,Filter,IT,TRUE,55.734,FALSE
19,8,Compare,CSA,FALSE,48.719,FALSE
19,9,Cluster,All,TRUE,41.383,FALSE
19,10,Filter,All,TRUE,75.455,TRUE
19,11,Find Adjacency,CSA,TRUE,38.064,FALSE
19,12,Find Top,IT,TRUE,20.094,FALSE
19,13,Cluster,LB,TRUE,82.133,FALSE
19,14,Compare,LB,TRUE,15.948,FALSE
19,15,Find Top,All,TRUE,37.613,FALSE
19,16,Find Adjacency,All,TRUE,47.43,FALSE
19,17,Compare,All,TRUE,38.616,FALSE
19,18,Summarize,CSA,TRUE,46.491,TRUE
19,19,Recognize,IT,TRUE,11.646,FALSE
19,20,Find Top,LB,TRUE,33.032,FALSE
19,21,Cluster,None,TRUE,66.388,FALSE
19,22,Summarize,LB,FALSE,71.975,FALSE
19,23,Find Adjacency,LB,TRUE,24.335,FALSE
19,24,Recognize,All,TRUE,12.302,FALSE
19,25,Summarize,IT,TRUE,33.878,FALSE
19,26,Recognize,LB,TRUE,9.373,FALSE
19,27,Find Top,None,TRUE,37.408,FALSE
19,28,Detect Change,None,TRUE,15.687,FALSE
19,29,Cluster,CSA,FALSE,50.846,FALSE
19,30,Compare,IT,TRUE,28.86,FALSE
19,31,Filter,CSA,TRUE,33.278,FALSE
19,32,Detect Change,All,TRUE,34.681,TRUE
19,33,Find Top,CSA,TRUE,35.263,FALSE
19,34,Summarize,All,TRUE,27.325,TRUE
19,35,Filter,None,TRUE,50.891,FALSE
19,36,Find Adjacency,None,TRUE,19.175,FALSE
19,37,Recognize,CSA,TRUE,6.733,FALSE
19,38,Find Adjacency,IT,TRUE,15.103,FALSE
19,39,Detect Change,LB,TRUE,16.132,FALSE
19,40,Filter,LB,FALSE,42.136,FALSE
20,1,Cluster,CSA,FALSE,94.437,FALSE
20,2,Compare,LB,TRUE,35.236,FALSE
20,3,Detect Change,All,TRUE,38.332,TRUE
20,4,Recognize,LB,TRUE,11.329,FALSE
20,5,Summarize,LB,FALSE,45.178,FALSE
20,6,Detect Change,CSA,TRUE,36.574,TRUE
20,7,Filter,CSA,FALSE,53.692,FALSE
20,8,Compare,All,TRUE,17.401,FALSE
20,9,Cluster,None,TRUE,57.771,FALSE
20,10,Filter,None,TRUE,92.277,FALSE
20,11,Find Adjacency,All,TRUE,17.399,FALSE
20,12,Find Top,CSA,TRUE,14.212,FALSE
20,13,Cluster,IT,TRUE,54.104,FALSE
20,14,Compare,IT,TRUE,21.163,FALSE
20,15,Find Top,None,TRUE,30.66,FALSE
20,16,Find Adjacency,None,TRUE,16.873,FALSE
20,17,Compare,None,TRUE,40.771,FALSE
20,18,Summarize,All,FALSE,31.889,TRUE
20,19,Recognize,CSA,TRUE,8.595,FALSE
20,20,Find Top,IT,TRUE,9.767,FALSE
20,21,Cluster,LB,TRUE,67.427,FALSE
20,22,Summarize,IT,FALSE,25.181,FALSE
20,23,Find Adjacency,IT,TRUE,10.661,FALSE
20,24,Recognize,None,TRUE,20.847,FALSE
20,25,Summarize,CSA,TRUE,24.194,TRUE
20,26,Recognize,IT,TRUE,9.458,FALSE
20,27,Find Top,LB,TRUE,53.289,FALSE
20,28,Detect Change,LB,TRUE,17.942,FALSE
20,29,Cluster,All,TRUE,44.984,FALSE
20,30,Compare,CSA,FALSE,34.328,TRUE
20,31,Filter,All,TRUE,51.182,TRUE
20,32,Detect Change,None,TRUE,19.216,FALSE
20,33,Find Top,All,TRUE,62.062,FALSE
20,34,Summarize,None,FALSE,27.382,FALSE
20,35,Filter,LB,TRUE,28.049,FALSE
20,36,Find Adjacency,LB,TRUE,17.295,FALSE
20,37,Recognize,All,TRUE,6.104,FALSE
20,38,Find Adjacency,CSA,TRUE,35.211,FALSE
20,39,Detect Change,IT,TRUE,17.885,FALSE
20,40,Filter,IT,TRUE,53.383,FALSE
21,1,Cluster,All,TRUE,29.44,FALSE
21,2,Compare,IT,TRUE,33.719,FALSE
21,3,Detect Change,None,TRUE,40.891,FALSE
21,4,Recognize,IT,TRUE,11.383,FALSE
21,5,Summarize,IT,FALSE,27.793,FALSE
21,6,Detect Change,All,TRUE,56.51,TRUE
21,7,Filter,All,TRUE,48.723,FALSE
21,8,Compare,None,TRUE,47.093,FALSE
21,9,Cluster,LB,FALSE,56.492,FALSE
21,10,Filter,LB,TRUE,26.49,FALSE
21,11,Find Adjacency,None,TRUE,15.967,FALSE
21,12,Find Top,All,TRUE,7.508,FALSE
21,13,Cluster,CSA,TRUE,27.633,FALSE
21,14,Compare,CSA,TRUE,26.616,FALSE
21,15,Find Top,LB,TRUE,38.344,FALSE
21,16,Find Adjacency,LB,TRUE,13.559,FALSE
21,17,Compare,LB,TRUE,22.118,FALSE
21,18,Summarize,None,FALSE,42.007,FALSE
21,19,Recognize,All,TRUE,10.739,FALSE
21,20,Find Top,CSA,TRUE,7.275,FALSE
21,21,Cluster,IT,TRUE,25.092,FALSE
21,22,Summarize,CSA,TRUE,35.488,TRUE
21,23,Find Adjacency,CSA,TRUE,12.207,FALSE
21,24,Recognize,LB,TRUE,6.592,FALSE
21,25,Summarize,All,FALSE,15.7,TRUE
21,26,Recognize,CSA,TRUE,5.169,TRUE
21,27,Find Top,IT,TRUE,27.831,FALSE
21,28,Detect Change,IT,TRUE,13.06,FALSE
21,29,Cluster,None,TRUE,16.88,FALSE
21,30,Compare,All,TRUE,24.96,FALSE
21,31,Filter,None,TRUE,14.489,FALSE
21,32,Detect Change,LB,TRUE,10.906,FALSE
21,33,Find Top,None,TRUE,7.72,FALSE
21,34,Summarize,LB,FALSE,27.361,FALSE
21,35,Filter,IT,TRUE,23.867,FALSE
21,36,Find Adjacency,IT,FALSE,8.262,FALSE
21,37,Recognize,None,TRUE,5.316,FALSE
21,38,Find Adjacency,All,TRUE,44.728,FALSE
21,39,Detect Change,CSA,TRUE,28.503,TRUE
21,40,Filter,CSA,FALSE,33.494,FALSE
22,1,Cluster,None,TRUE,78.22,FALSE
22,2,Compare,CSA,TRUE,37.298,TRUE
22,3,Detect Change,LB,TRUE,35.409,FALSE
22,4,Recognize,CSA,TRUE,54.623,FALSE
22,5,Summarize,CSA,TRUE,73.765,TRUE
22,6,Detect Change,None,TRUE,60.245,FALSE
22,7,Filter,None,TRUE,75.73,FALSE
22,8,Compare,LB,FALSE,54.98,FALSE
22,9,Cluster,IT,TRUE,80.381,FALSE
22,10,Filter,IT,FALSE,125.706,FALSE
22,11,Find Adjacency,LB,TRUE,40.275,FALSE
22,12,Find Top,None,TRUE,11.577,FALSE
22,13,Cluster,All,TRUE,38.007,FALSE
22,14,Compare,All,TRUE,31.493,FALSE
22,15,Find Top,IT,TRUE,34.21,FALSE
22,16,Find Adjacency,IT,TRUE,40.771,FALSE
22,17,Compare,IT,TRUE,38.057,FALSE
22,18,Summarize,LB,FALSE,28.664,FALSE
22,19,Recognize,None,TRUE,10.029,FALSE
22,20,Find Top,All,TRUE,17.318,FALSE
22,21,Cluster,CSA,TRUE,74.113,TRUE
22,22,Summarize,All,FALSE,36.381,TRUE
22,23,Find Adjacency,All,TRUE,20.698,FALSE
22,24,Recognize,IT,TRUE,12.461,FALSE
22,25,Summarize,None,FALSE,30.935,FALSE
22,26,Recognize,All,TRUE,10.555,FALSE
22,27,Find Top,CSA,TRUE,48.03,FALSE
22,28,Detect Change,CSA,TRUE,26.045,TRUE
22,29,Cluster,LB,TRUE,68.631,FALSE
22,30,Compare,None,TRUE,40.907,FALSE
22,31,Filter,LB,TRUE,83.634,FALSE
22,32,Detect Change,IT,TRUE,41.637,FALSE
22,33,Find Top,LB,TRUE,7.581,FALSE
22,34,Summarize,IT,FALSE,25.354,FALSE
22,35,Filter,CSA,TRUE,58.474,FALSE
22,36,Find Adjacency,CSA,TRUE,27.022,FALSE
22,37,Recognize,LB,TRUE,6.826,FALSE
22,38,Find Adjacency,None,TRUE,21.362,FALSE
22,39,Detect Change,All,TRUE,21.85,TRUE
22,40,Filter,All,TRUE,46.47,FALSE
23,1,Cluster,LB,TRUE,67.605,FALSE
23,2,Compare,All,TRUE,36.154,FALSE
23,3,Detect Change,IT,TRUE,49.639,FALSE
23,4,Recognize,All,TRUE,12.821,FALSE
23,5,Summarize,All,TRUE,34.816,TRUE
23,6,Detect Change,LB,TRUE,36.948,FALSE
23,7,Filter,LB,TRUE,52.734,FALSE
23,8,Compare,IT,TRUE,32.68,FALSE
23,9,Cluster,CSA,FALSE,73.914,FALSE
23,10,Filter,CSA,TRUE,122.908,TRUE
23,11,Find Adjacency,IT,TRUE,18.22,FALSE
23,12,Find Top,LB,TRUE,6.054,FALSE
23,13,Cluster,None,TRUE,70.76,FALSE
23,14,Compare,None,TRUE,50.051,FALSE
23,15,Find Top,CSA,TRUE,35.925,FALSE
23,16,Find Adjacency,CSA,TRUE,23.607,FALSE
23,17,Compare,CSA,TRUE,45.307,FALSE
23,18,Summarize,IT,FALSE,21.395,FALSE
23,19,Recognize,LB,TRUE,21.975,FALSE
23,20,Find Top,None,TRUE,8.693,FALSE
23,21,Cluster,All,TRUE,75.706,FALSE
23,22,Summarize,None,FALSE,18.512,FALSE
23,23,Find Adjacency,None,TRUE,14.904,FALSE
23,24,Recognize,CSA,TRUE,11.404,FALSE
23,25,Summarize,LB,FALSE,19.906,FALSE
23,26,Recognize,None,TRUE,24.223,FALSE
23,27,Find Top,All,TRUE,16.736,FALSE
23,28,Detect Change,All,TRUE,13.654,TRUE
23,29,Cluster,IT,TRUE,35.425,FALSE
23,30,Compare,LB,TRUE,28.291,FALSE
23,31,Filter,IT,TRUE,90.307,FALSE
23,32,Detect Change,CSA,TRUE,17.75,TRUE
23,33,Find Top,IT,TRUE,8.847,FALSE
23,34,Summarize,CSA,FALSE,23.892,TRUE
23,35,Filter,All,TRUE,41.884,FALSE
23,36,Find Adjacency,All,TRUE,32.324,FALSE
23,37,Recognize,IT,TRUE,8.305,FALSE
23,38,Find Adjacency,LB,TRUE,21.931,FALSE
23,39,Detect Change,None,TRUE,22.571,FALSE
23,40,Filter,None,FALSE,58.899,FALSE
24,1,Cluster,IT,TRUE,66.778,FALSE
24,2,Compare,None,TRUE,31.87,FALSE
24,3,Detect Change,CSA,TRUE,29.499,TRUE
24,4,Recognize,None,TRUE,15.764,FALSE
24,5,Summarize,None,FALSE,40.607,FALSE
24,6,Detect Change,IT,TRUE,28.675,FALSE
24,7,Filter,IT,TRUE,58.514,FALSE
24,8,Compare,CSA,TRUE,21.226,FALSE
24,9,Cluster,All,TRUE,22.05,FALSE
24,10,Filter,All,TRUE,68.781,FALSE
24,11,Find Adjacency,CSA,TRUE,20.36,FALSE
24,12,Find Top,IT,TRUE,10.567,FALSE
24,13,Cluster,LB,TRUE,32.43,FALSE
24,14,Compare,LB,TRUE,10.327,FALSE
24,15,Find Top,All,TRUE,15.474,FALSE
24,16,Find Adjacency,All,TRUE,22.617,FALSE
24,17,Compare,All,TRUE,20.335,FALSE
24,18,Summarize,CSA,FALSE,27.181,TRUE
24,19,Recognize,IT,TRUE,7.495,FALSE
24,20,Find Top,LB,TRUE,19.941,FALSE
24,21,Cluster,None,TRUE,37.714,FALSE
24,22,Summarize,LB,FALSE,23.006,FALSE
24,23,Find Adjacency,LB,TRUE,11.66,FALSE
24,24,Recognize,All,TRUE,5.647,FALSE
24,25,Summarize,IT,FALSE,17.854,FALSE
24,26,Recognize,LB,TRUE,9.083,FALSE
24,27,Find Top,None,TRUE,11.035,FALSE
24,28,Detect Change,None,TRUE,14.671,FALSE
24,29,Cluster,CSA,FALSE,22.186,FALSE
24,30,Compare,IT,TRUE,50.902,FALSE
24,31,Filter,CSA,FALSE,15.794,FALSE
24,32,Detect Change,All,TRUE,18.943,TRUE
24,33,Find Top,CSA,TRUE,17.85,FALSE
24,34,Summarize,All,TRUE,17.776,TRUE
24,35,Filter,None,TRUE,41.158,FALSE
24,36,Find Adjacency,None,TRUE,11.981,FALSE
24,37,Recognize,CSA,TRUE,8.427,FALSE
24,38,Find Adjacency,IT,TRUE,13.459,FALSE
24,39,Detect Change,LB,TRUE,10.818,FALSE
24,40,Filter,LB,FALSE,17.544,FALSE
25,1,Cluster,CSA,TRUE,195.362,FALSE
25,2,Compare,LB,TRUE,52.71,FALSE
25,3,Detect Change,All,TRUE,70.707,TRUE
25,4,Recognize,LB,TRUE,29.334,FALSE
25,5,Summarize,LB,FALSE,75.256,FALSE
25,6,Detect Change,CSA,TRUE,40.121,TRUE
25,7,Filter,CSA,TRUE,63.725,FALSE
25,8,Compare,All,TRUE,42.868,FALSE
25,9,Cluster,None,TRUE,164.787,FALSE
25,10,Filter,None,TRUE,98.471,FALSE
25,11,Find Adjacency,All,TRUE,36.508,FALSE
25,12,Find Top,CSA,TRUE,23.882,FALSE
25,13,Cluster,IT,TRUE,46.405,FALSE
25,14,Compare,IT,TRUE,28.458,FALSE
25,15,Find Top,None,TRUE,37.675,FALSE
25,16,Find Adjacency,None,TRUE,56.913,FALSE
25,17,Compare,None,FALSE,32.712,FALSE
25,18,Summarize,All,TRUE,66.438,TRUE
25,19,Recognize,CSA,TRUE,17.719,FALSE
25,20,Find Top,IT,TRUE,34.487,FALSE
25,21,Cluster,LB,TRUE,156.142,FALSE
25,22,Summarize,IT,TRUE,33.59,FALSE
25,23,Find Adjacency,IT,TRUE,19.014,FALSE
25,24,Recognize,None,TRUE,12.688,FALSE
25,25,Summarize,CSA,TRUE,64.144,TRUE
25,26,Recognize,IT,TRUE,9.078,FALSE
25,27,Find Top,LB,TRUE,85.64,FALSE
25,28,Detect Change,LB,TRUE,19.872,FALSE
25,29,Cluster,All,TRUE,100.808,FALSE
25,30,Compare,CSA,TRUE,73.751,FALSE
25,31,Filter,All,TRUE,39.793,FALSE
25,32,Detect Change,None,TRUE,34.353,FALSE
25,33,Find Top,All,TRUE,36.312,FALSE
25,34,Summarize,None,TRUE,32.381,FALSE
25,35,Filter,LB,TRUE,30.241,FALSE
25,36,Find Adjacency,LB,TRUE,51.318,FALSE
25,37,Recognize,All,TRUE,11.055,FALSE
25,38,Find Adjacency,CSA,TRUE,18.054,FALSE
25,39,Detect Change,IT,TRUE,51.558,FALSE
25,40,Filter,IT,TRUE,87.062,FALSE
26,1,Cluster,All,TRUE,79.975,FALSE
26,2,Compare,IT,TRUE,34.67,FALSE
26,3,Detect Change,None,TRUE,35.147,FALSE
26,4,Recognize,IT,TRUE,11.624,FALSE
26,5,Summarize,IT,FALSE,87.924,FALSE
26,6,Detect Change,All,TRUE,60.902,TRUE
26,7,Filter,All,TRUE,44.873,FALSE
26,8,Compare,None,TRUE,39.201,FALSE
26,9,Cluster,LB,TRUE,64.99,FALSE
26,10,Filter,LB,TRUE,46.065,FALSE
26,11,Find Adjacency,None,TRUE,21.534,FALSE
26,12,Find Top,All,TRUE,14.001,FALSE
26,13,Cluster,CSA,TRUE,37.75,FALSE
26,14,Compare,CSA,TRUE,45.097,FALSE
26,15,Find Top,LB,TRUE,34.009,FALSE
26,16,Find Adjacency,LB,TRUE,15.199,FALSE
26,17,Compare,LB,TRUE,44.324,FALSE
26,18,Summarize,None,TRUE,30.258,FALSE
26,19,Recognize,All,TRUE,8.966,FALSE
26,20,Find Top,CSA,TRUE,14.588,FALSE
26,21,Cluster,IT,TRUE,49.078,FALSE
26,22,Summarize,CSA,TRUE,22.098,TRUE
26,23,Find Adjacency,CSA,TRUE,15.25,FALSE
26,24,Recognize,LB,TRUE,7.575,FALSE
26,25,Summarize,All,TRUE,44.245,TRUE
26,26,Recognize,CSA,TRUE,10.366,FALSE
26,27,Find Top,IT,TRUE,20.514,FALSE
26,28,Detect Change,IT,TRUE,11.469,FALSE
26,29,Cluster,None,TRUE,42.163,FALSE
26,30,Compare,All,TRUE,30.608,FALSE
26,31,Filter,None,TRUE,73.544,FALSE
26,32,Detect Change,LB,TRUE,14.188,FALSE
26,33,Find Top,None,TRUE,5.439,FALSE
26,34,Summarize,LB,FALSE,50.711,FALSE
26,35,Filter,IT,TRUE,47.427,FALSE
26,36,Find Adjacency,IT,TRUE,13.381,FALSE
26,37,Recognize,None,TRUE,9.002,FALSE
26,38,Find Adjacency,All,TRUE,16.286,FALSE
26,39,Detect Change,CSA,TRUE,42.323,TRUE
26,40,Filter,CSA,TRUE,36.094,FALSE
27,1,Cluster,None,TRUE,76.021,FALSE
27,2,Compare,CSA,TRUE,38.975,TRUE
27,3,Detect Change,LB,TRUE,47.283,FALSE
27,4,Recognize,CSA,TRUE,21.776,TRUE
27,5,Summarize,CSA,TRUE,50.263,TRUE
27,6,Detect Change,None,FALSE,28.895,FALSE
27,7,Filter,None,TRUE,43.266,FALSE
27,8,Compare,LB,FALSE,52.266,FALSE
27,9,Cluster,IT,FALSE,38.612,FALSE
27,10,Filter,IT,TRUE,60.81,FALSE
27,11,Find Adjacency,LB,TRUE,24.15,FALSE
27,12,Find Top,None,TRUE,12.475,FALSE
27,13,Cluster,All,TRUE,77.864,FALSE
27,14,Compare,All,TRUE,24.157,FALSE
27,15,Find Top,IT,TRUE,109.736,FALSE
27,16,Find Adjacency,IT,TRUE,24.118,FALSE
27,17,Compare,IT,TRUE,41.044,FALSE
27,18,Summarize,LB,FALSE,56.947,FALSE
27,19,Recognize,None,TRUE,18.805,FALSE
27,20,Find Top,All,TRUE,46.822,FALSE
27,21,Cluster,CSA,TRUE,50.261,FALSE
27,22,Summarize,All,TRUE,26.75,TRUE
27,23,Find Adjacency,All,TRUE,15.101,FALSE
27,24,Recognize,IT,TRUE,7.356,FALSE
27,25,Summarize,None,FALSE,19.376,FALSE
27,26,Recognize,All,TRUE,8.618,FALSE
27,27,Find Top,CSA,TRUE,52.676,FALSE
27,28,Detect Change,CSA,TRUE,16.317,TRUE
27,29,Cluster,LB,TRUE,50.27,FALSE
27,30,Compare,None,TRUE,32.487,FALSE
27,31,Filter,LB,TRUE,24.116,FALSE
27,32,Detect Change,IT,TRUE,19.48,FALSE
27,33,Find Top,LB,TRUE,46.987,FALSE
27,34,Summarize,IT,TRUE,21.737,FALSE
27,35,Filter,CSA,TRUE,54.082,FALSE
27,36,Find Adjacency,CSA,TRUE,17.048,FALSE
27,37,Recognize,LB,TRUE,6.794,FALSE
27,38,Find Adjacency,None,TRUE,17.547,FALSE
27,39,Detect Change,All,TRUE,30.382,TRUE
27,40,Filter,All,TRUE,62.248,FALSE
28,1,Cluster,LB,FALSE,77.818,FALSE
28,2,Compare,All,TRUE,59.312,FALSE
28,3,Detect Change,IT,TRUE,38.941,FALSE
28,4,Recognize,All,TRUE,16.45,FALSE
28,5,Summarize,All,TRUE,79.618,TRUE
28,6,Detect Change,LB,TRUE,33.209,FALSE
28,7,Filter,LB,TRUE,67.137,FALSE
28,8,Compare,IT,FALSE,27.132,FALSE
28,9,Cluster,CSA,TRUE,32.215,FALSE
28,10,Filter,CSA,FALSE,112.938,FALSE
28,11,Find Adjacency,IT,FALSE,23.552,FALSE
28,12,Find Top,LB,TRUE,8.525,FALSE
28,13,Cluster,None,TRUE,67.546,FALSE
28,14,Compare,None,TRUE,48.31,FALSE
28,15,Find Top,CSA,TRUE,49.556,FALSE
28,16,Find Adjacency,CSA,TRUE,40.43,FALSE
28,17,Compare,CSA,TRUE,31.916,FALSE
28,18,Summarize,IT,FALSE,35.64,FALSE
28,19,Recognize,LB,TRUE,12.274,FALSE
28,20,Find Top,None,TRUE,12.072,FALSE
28,21,Cluster,All,TRUE,49.067,FALSE
28,22,Summarize,None,FALSE,17.921,FALSE
28,23,Find Adjacency,None,TRUE,16.943,FALSE
28,24,Recognize,CSA,TRUE,16.54,FALSE
28,25,Summarize,LB,TRUE,45.253,FALSE
28,26,Recognize,None,TRUE,11.834,FALSE
28,27,Find Top,All,TRUE,33.87,FALSE
28,28,Detect Change,All,TRUE,24.086,TRUE
28,29,Cluster,IT,TRUE,54.401,FALSE
28,30,Compare,LB,TRUE,21.299,FALSE
28,31,Filter,IT,FALSE,40.504,FALSE
28,32,Detect Change,CSA,TRUE,30.553,TRUE
28,33,Find Top,IT,TRUE,19.699,FALSE
28,34,Summarize,CSA,TRUE,63.809,TRUE
28,35,Filter,All,TRUE,27.254,FALSE
28,36,Find Adjacency,All,TRUE,18.817,FALSE
28,37,Recognize,IT,TRUE,7.828,FALSE
28,38,Find Adjacency,LB,TRUE,21.21,FALSE
28,39,Detect Change,None,TRUE,25.449,FALSE
28,40,Filter,None,FALSE,63.682,FALSE
29,1,Cluster,IT,TRUE,67.142,FALSE
29,2,Compare,None,TRUE,28.908,FALSE
29,3,Detect Change,CSA,TRUE,27.731,TRUE
29,4,Recognize,None,TRUE,21.896,FALSE
29,5,Summarize,None,FALSE,38.874,FALSE
29,6,Detect Change,IT,TRUE,18.981,FALSE
29,7,Filter,IT,TRUE,48.072,FALSE
29,8,Compare,CSA,TRUE,22.378,FALSE
29,9,Cluster,All,TRUE,37.298,FALSE
29,10,Filter,All,TRUE,126.641,FALSE
29,11,Find Adjacency,CSA,TRUE,29.589,FALSE
29,12,Find Top,IT,TRUE,12.867,FALSE
29,13,Cluster,LB,TRUE,31.961,FALSE
29,14,Compare,LB,TRUE,60.452,FALSE
29,15,Find Top,All,TRUE,19.015,FALSE
29,16,Find Adjacency,All,TRUE,21.163,FALSE
29,17,Compare,All,TRUE,33.803,FALSE
29,18,Summarize,CSA,TRUE,26.802,TRUE
29,19,Recognize,IT,TRUE,82.588,FALSE
29,20,Find Top,LB,TRUE,22.075,FALSE
29,21,Cluster,None,TRUE,12.535,FALSE
29,22,Summarize,LB,TRUE,41.103,FALSE
29,23,Find Adjacency,LB,TRUE,36.489,FALSE
29,24,Recognize,All,TRUE,8.916,FALSE
29,25,Summarize,IT,TRUE,18.697,FALSE
29,26,Recognize,LB,TRUE,5.675,FALSE
29,27,Find Top,None,TRUE,26.056,FALSE
29,28,Detect Change,None,TRUE,15.132,FALSE
29,29,Cluster,CSA,TRUE,45.983,FALSE
29,30,Compare,IT,TRUE,37.339,FALSE
29,31,Filter,CSA,TRUE,17.312,FALSE
29,32,Detect Change,All,TRUE,30.666,TRUE
29,33,Find Top,CSA,TRUE,11.636,FALSE
29,34,Summarize,All,FALSE,25.508,TRUE
29,35,Filter,None,TRUE,37.966,FALSE
29,36,Find Adjacency,None,TRUE,10.434,FALSE
29,37,Recognize,CSA,TRUE,28.931,FALSE
29,38,Find Adjacency,IT,TRUE,16.398,FALSE
29,39,Detect Change,LB,TRUE,14.949,FALSE
29,40,Filter,LB,TRUE,47.274,FALSE
30,1,Cluster,CSA,FALSE,68.129,TRUE
30,2,Compare,LB,TRUE,26.66,FALSE
30,3,Detect Change,All,TRUE,36.261,TRUE
30,4,Recognize,LB,TRUE,16.736,FALSE
30,5,Summarize,LB,FALSE,62.125,FALSE
30,6,Detect Change,CSA,FALSE,36.179,TRUE
30,7,Filter,CSA,FALSE,29.547,FALSE
30,8,Compare,All,FALSE,48.22,FALSE
30,9,Cluster,None,FALSE,27.518,FALSE
30,10,Filter,None,TRUE,35.47,FALSE
30,11,Find Adjacency,All,TRUE,32.324,FALSE
30,12,Find Top,CSA,TRUE,11.964,FALSE
30,13,Cluster,IT,TRUE,75.163,FALSE
30,14,Compare,IT,TRUE,49.414,FALSE
30,15,Find Top,None,TRUE,25.353,FALSE
30,16,Find Adjacency,None,TRUE,19.248,FALSE
30,17,Compare,None,TRUE,28.876,FALSE
30,18,Summarize,All,FALSE,40.434,TRUE
30,19,Recognize,CSA,TRUE,9.193,FALSE
30,20,Find Top,IT,TRUE,9.62,FALSE
30,21,Cluster,LB,TRUE,49.747,FALSE
30,22,Summarize,IT,FALSE,43.361,FALSE
30,23,Find Adjacency,IT,TRUE,14.866,FALSE
30,24,Recognize,None,TRUE,17.218,FALSE
30,25,Summarize,CSA,TRUE,26.38,TRUE
30,26,Recognize,IT,TRUE,13.505,FALSE
30,27,Find Top,LB,TRUE,77.308,FALSE
30,28,Detect Change,LB,FALSE,12.579,FALSE
30,29,Cluster,All,TRUE,103.605,FALSE
30,30,Compare,CSA,TRUE,37.785,FALSE
30,31,Filter,All,TRUE,23.209,FALSE
30,32,Detect Change,None,TRUE,41.4,FALSE
30,33,Find Top,All,TRUE,25.611,FALSE
30,34,Summarize,None,FALSE,33.938,FALSE
30,35,Filter,LB,TRUE,33.652,FALSE
30,36,Find Adjacency,LB,TRUE,30.941,FALSE
30,37,Recognize,All,TRUE,11.468,FALSE
30,38,Find Adjacency,CSA,TRUE,20.052,FALSE
30,39,Detect Change,IT,TRUE,47.193,FALSE
30,40,Filter,IT,TRUE,59.864,FALSE
31,1,Cluster,All,TRUE,66.477,FALSE
31,2,Compare,IT,TRUE,42.192,FALSE
31,3,Detect Change,None,TRUE,41.062,FALSE
31,4,Recognize,IT,TRUE,14.109,FALSE
31,5,Summarize,IT,FALSE,62.923,FALSE
31,6,Detect Change,All,TRUE,32.056,TRUE
31,7,Filter,All,FALSE,65.217,FALSE
31,8,Compare,None,TRUE,49.023,FALSE
31,9,Cluster,LB,FALSE,33.353,FALSE
31,10,Filter,LB,TRUE,37.168,FALSE
31,11,Find Adjacency,None,TRUE,19.726,FALSE
31,12,Find Top,All,TRUE,16.205,FALSE
31,13,Cluster,CSA,TRUE,60.811,TRUE
31,14,Compare,CSA,TRUE,28.088,FALSE
31,15,Find Top,LB,TRUE,33.964,FALSE
31,16,Find Adjacency,LB,TRUE,17.793,FALSE
31,17,Compare,LB,TRUE,16.257,FALSE
31,18,Summarize,None,FALSE,42.065,FALSE
31,19,Recognize,All,TRUE,7.714,FALSE
31,20,Find Top,CSA,TRUE,45.785,TRUE
31,21,Cluster,IT,TRUE,54.651,FALSE
31,22,Summarize,CSA,TRUE,27.153,TRUE
31,23,Find Adjacency,CSA,TRUE,25.646,TRUE
31,24,Recognize,LB,TRUE,9.604,FALSE
31,25,Summarize,All,TRUE,28.63,TRUE
31,26,Recognize,CSA,TRUE,9.945,FALSE
31,27,Find Top,IT,FALSE,31.39,FALSE
31,28,Detect Change,IT,TRUE,17.641,FALSE
31,29,Cluster,None,TRUE,32.263,FALSE
31,30,Compare,All,TRUE,20.881,FALSE
31,31,Filter,None,TRUE,44.81,FALSE
31,32,Detect Change,LB,TRUE,17.198,FALSE
31,33,Find Top,None,TRUE,16.402,FALSE
31,34,Summarize,LB,TRUE,31.254,FALSE
31,35,Filter,IT,TRUE,37.341,FALSE
31,36,Find Adjacency,IT,TRUE,11.568,FALSE
31,37,Recognize,None,TRUE,9.009,FALSE
31,38,Find Adjacency,All,TRUE,17.739,FALSE
31,39,Detect Change,CSA,TRUE,18.771,TRUE
31,40,Filter,CSA,TRUE,61.855,FALSE
32,1,Cluster,None,TRUE,127.766,FALSE
32,2,Compare,CSA,TRUE,42.625,TRUE
32,3,Detect Change,LB,TRUE,32.252,FALSE
32,4,Recognize,CSA,TRUE,17.772,FALSE
32,5,Summarize,CSA,TRUE,64.102,TRUE
32,6,Detect Change,None,TRUE,45.046,FALSE
32,7,Filter,None,TRUE,50.566,FALSE
32,8,Compare,LB,FALSE,37.991,FALSE
32,9,Cluster,IT,TRUE,82.398,FALSE
32,10,Filter,IT,TRUE,54.262,FALSE
32,11,Find Adjacency,LB,TRUE,21.225,FALSE
32,12,Find Top,None,TRUE,22.722,FALSE
32,13,Cluster,All,TRUE,69.453,FALSE
32,14,Compare,All,TRUE,52.106,FALSE
32,15,Find Top,IT,TRUE,37.375,FALSE
32,16,Find Adjacency,IT,TRUE,26.321,FALSE
32,17,Compare,IT,TRUE,45.99,FALSE
32,18,Summarize,LB,FALSE,29.653,FALSE
32,19,Recognize,None,TRUE,19.806,FALSE
32,20,Find Top,All,TRUE,18.124,FALSE
32,21,Cluster,CSA,TRUE,108.747,TRUE
32,22,Summarize,All,TRUE,39.86,TRUE
32,23,Find Adjacency,All,TRUE,30.343,FALSE
32,24,Recognize,IT,TRUE,6.639,FALSE
32,25,Summarize,None,TRUE,33.567,FALSE
32,26,Recognize,All,TRUE,8.111,FALSE
32,27,Find Top,CSA,TRUE,32.204,FALSE
32,28,Detect Change,CSA,TRUE,21.219,TRUE
32,29,Cluster,LB,TRUE,85.468,FALSE
32,30,Compare,None,TRUE,44.913,FALSE
32,31,Filter,LB,TRUE,62.646,FALSE
32,32,Detect Change,IT,TRUE,40.34,FALSE
32,33,Find Top,LB,TRUE,17.379,FALSE
32,34,Summarize,IT,FALSE,42.917,FALSE
32,35,Filter,CSA,FALSE,40.794,FALSE
32,36,Find Adjacency,CSA,TRUE,22.201,FALSE
32,37,Recognize,LB,TRUE,14.737,FALSE
32,38,Find Adjacency,None,TRUE,45.562,FALSE
32,39,Detect Change,All,TRUE,37.131,TRUE
32,40,Filter,All,TRUE,86.832,FALSE
33,1,Cluster,LB,TRUE,112.439,FALSE
33,2,Compare,All,TRUE,32.55,FALSE
33,3,Detect Change,IT,TRUE,45.75,FALSE
33,4,Recognize,All,TRUE,17.171,FALSE
33,5,Summarize,All,TRUE,54.579,TRUE
33,6,Detect Change,LB,TRUE,50.335,FALSE
33,7,Filter,LB,TRUE,88.888,FALSE
33,8,Compare,IT,TRUE,69.755,FALSE
33,9,Cluster,CSA,TRUE,92.989,TRUE
33,10,Filter,CSA,TRUE,78.814,FALSE
33,11,Find Adjacency,IT,TRUE,29.379,FALSE
33,12,Find Top,LB,TRUE,35.587,FALSE
33,13,Cluster,None,TRUE,68.518,FALSE
33,14,Compare,None,TRUE,16.843,FALSE
33,15,Find Top,CSA,TRUE,30.512,FALSE
33,16,Find Adjacency,CSA,TRUE,28.208,FALSE
33,17,Compare,CSA,TRUE,49.081,FALSE
33,18,Summarize,IT,TRUE,126.744,FALSE
33,19,Recognize,LB,TRUE,15.358,FALSE
33,20,Find Top,None,TRUE,38.608,FALSE
33,21,Cluster,All,TRUE,76.051,FALSE
33,22,Summarize,None,TRUE,41.704,FALSE
33,23,Find Adjacency,None,TRUE,30.893,FALSE
33,24,Recognize,CSA,TRUE,20.463,FALSE
33,25,Summarize,LB,TRUE,56.009,FALSE
33,26,Recognize,None,TRUE,11.385,FALSE
33,27,Find Top,All,TRUE,121.406,FALSE
33,28,Detect Change,All,TRUE,47.49,TRUE
33,29,Cluster,IT,TRUE,71.156,FALSE
33,30,Compare,LB,TRUE,39.644,FALSE
33,31,Filter,IT,TRUE,50.827,FALSE
33,32,Detect Change,CSA,TRUE,23.97,TRUE
33,33,Find Top,IT,TRUE,50.033,FALSE
33,34,Summarize,CSA,TRUE,45.243,TRUE
33,35,Filter,All,TRUE,68.873,FALSE
33,36,Find Adjacency,All,TRUE,53.759,FALSE
33,37,Recognize,IT,TRUE,15.43,FALSE
33,38,Find Adjacency,LB,TRUE,34.68,FALSE
33,39,Detect Change,None,TRUE,20.243,FALSE
33,40,Filter,None,TRUE,63.413,FALSE
34,1,Cluster,IT,TRUE,86.627,FALSE
34,2,Compare,None,TRUE,35.727,FALSE
34,3,Detect Change,CSA,TRUE,48.246,TRUE
34,4,Recognize,None,TRUE,15.308,FALSE
34,5,Summarize,None,FALSE,53.201,FALSE
34,6,Detect Change,IT,TRUE,32.245,FALSE
34,7,Filter,IT,TRUE,42.347,FALSE
34,8,Compare,CSA,FALSE,26.862,TRUE
34,9,Cluster,All,TRUE,76.73,FALSE
34,10,Filter,All,TRUE,73.984,TRUE
34,11,Find Adjacency,CSA,TRUE,21.17,FALSE
34,12,Find Top,IT,TRUE,19.347,FALSE
34,13,Cluster,LB,TRUE,49.917,FALSE
34,14,Compare,LB,TRUE,28.939,FALSE
34,15,Find Top,All,TRUE,27.466,TRUE
34,16,Find Adjacency,All,TRUE,22.235,FALSE
34,17,Compare,All,TRUE,19.264,FALSE
34,18,Summarize,CSA,TRUE,41.898,TRUE
34,19,Recognize,IT,TRUE,8.709,FALSE
34,20,Find Top,LB,TRUE,15.017,FALSE
34,21,Cluster,None,TRUE,59.66,FALSE
34,22,Summarize,LB,TRUE,30.417,FALSE
34,23,Find Adjacency,LB,TRUE,38.782,FALSE
34,24,Recognize,All,TRUE,14.328,FALSE
34,25,Summarize,IT,TRUE,22.303,FALSE
34,26,Recognize,LB,TRUE,8.137,FALSE
34,27,Find Top,None,FALSE,19.89,FALSE
34,28,Detect Change,None,TRUE,30.714,FALSE
34,29,Cluster,CSA,TRUE,32.935,FALSE
34,30,Compare,IT,TRUE,31.155,FALSE
34,31,Filter,CSA,TRUE,47.041,FALSE
34,32,Detect Change,All,TRUE,22.604,TRUE
34,33,Find Top,CSA,TRUE,11.488,FALSE
34,34,Summarize,All,FALSE,19.709,TRUE
34,35,Filter,None,TRUE,48.867,FALSE
34,36,Find Adjacency,None,TRUE,30.038,FALSE
34,37,Recognize,CSA,TRUE,5.667,FALSE
34,38,Find Adjacency,IT,TRUE,17.827,FALSE
34,39,Detect Change,LB,TRUE,23.431,FALSE
34,40,Filter,LB,FALSE,42.054,FALSE
35,1,Cluster,CSA,TRUE,110.233,TRUE
35,2,Compare,LB,TRUE,30.257,FALSE
35,3,Detect Change,All,TRUE,27.074,TRUE
35,4,Recognize,LB,TRUE,22.417,FALSE
35,5,Summarize,LB,FALSE,48.978,FALSE
35,6,Detect Change,CSA,TRUE,25.231,TRUE
35,7,Filter,CSA,TRUE,37.637,FALSE
35,8,Compare,All,TRUE,19.252,FALSE
35,9,Cluster,None,FALSE,56.722,FALSE
35,10,Filter,None,TRUE,44.23,FALSE
35,11,Find Adjacency,All,TRUE,26.968,FALSE
35,12,Find Top,CSA,TRUE,8.612,FALSE
35,13,Cluster,IT,TRUE,28.866,FALSE
35,14,Compare,IT,TRUE,36.53,FALSE
35,15,Find Top,None,TRUE,25.006,FALSE
35,16,Find Adjacency,None,TRUE,21.268,FALSE
35,17,Compare,None,TRUE,23.494,FALSE
35,18,Summarize,All,TRUE,42.544,TRUE
35,19,Recognize,CSA,TRUE,15.619,FALSE
35,20,Find Top,IT,TRUE,7.641,FALSE
35,21,Cluster,LB,TRUE,44.471,FALSE
35,22,Summarize,IT,FALSE,31.494,FALSE
35,23,Find Adjacency,IT,TRUE,22.64,FALSE
35,24,Recognize,None,TRUE,32.419,FALSE
35,25,Summarize,CSA,FALSE,26.791,TRUE
35,26,Recognize,IT,TRUE,9.078,FALSE
35,27,Find Top,LB,TRUE,67.758,FALSE
35,28,Detect Change,LB,TRUE,20.792,FALSE
35,29,Cluster,All,TRUE,59.698,FALSE
35,30,Compare,CSA,TRUE,43.44,FALSE
35,31,Filter,All,TRUE,33.517,FALSE
35,32,Detect Change,None,TRUE,12.511,FALSE
35,33,Find Top,All,TRUE,10.931,FALSE
35,34,Summarize,None,TRUE,23.431,FALSE
35,35,Filter,LB,TRUE,30.657,FALSE
35,36,Find Adjacency,LB,TRUE,31.467,FALSE
35,37,Recognize,All,TRUE,8.034,FALSE
35,38,Find Adjacency,CSA,TRUE,33.309,FALSE
35,39,Detect Change,IT,TRUE,30.067,FALSE
35,40,Filter,IT,FALSE,66.301,FALSE
36,1,Cluster,All,TRUE,45.863,FALSE
36,2,Compare,IT,TRUE,23.973,FALSE
36,3,Detect Change,None,TRUE,34.04,FALSE
36,4,Recognize,IT,TRUE,10.466,FALSE
36,5,Summarize,IT,FALSE,33.383,FALSE
36,6,Detect Change,All,TRUE,30.215,TRUE
36,7,Filter,All,TRUE,44.039,FALSE
36,8,Compare,None,TRUE,32.773,FALSE
36,9,Cluster,LB,FALSE,25.228,FALSE
36,10,Filter,LB,TRUE,72.422,FALSE
36,11,Find Adjacency,None,TRUE,32.998,FALSE
36,12,Find Top,All,TRUE,4.78,FALSE
36,13,Cluster,CSA,FALSE,39.306,FALSE
36,14,Compare,CSA,TRUE,32.202,TRUE
36,15,Find Top,LB,TRUE,11.011,FALSE
36,16,Find Adjacency,LB,TRUE,21.284,FALSE
36,17,Compare,LB,TRUE,17.868,FALSE
36,18,Summarize,None,FALSE,18.703,FALSE
36,19,Recognize,All,TRUE,8.587,FALSE
36,20,Find Top,CSA,TRUE,8.299,FALSE
36,21,Cluster,IT,TRUE,29.489,FALSE
36,22,Summarize,CSA,FALSE,23.466,TRUE
36,23,Find Adjacency,CSA,TRUE,21.659,FALSE
36,24,Recognize,LB,TRUE,5.417,FALSE
36,25,Summarize,All,TRUE,18.685,TRUE
36,26,Recognize,CSA,TRUE,7.346,FALSE
36,27,Find Top,IT,TRUE,18.643,FALSE
36,28,Detect Change,IT,FALSE,8.138,FALSE
36,29,Cluster,None,TRUE,42.758,FALSE
36,30,Compare,All,TRUE,14.908,FALSE
36,31,Filter,None,TRUE,28.499,FALSE
36,32,Detect Change,LB,TRUE,21.35,FALSE
36,33,Find Top,None,TRUE,5.569,FALSE
36,34,Summarize,LB,FALSE,11.856,FALSE
36,35,Filter,IT,TRUE,28.664,FALSE
36,36,Find Adjacency,IT,TRUE,16.097,FALSE
36,37,Recognize,None,TRUE,7.445,FALSE
36,38,Find Adjacency,All,TRUE,14.56,FALSE
36,39,Detect Change,CSA,TRUE,19.475,TRUE
36,40,Filter,CSA,FALSE,38.779,FALSE
37,1,Cluster,None,TRUE,63.522,FALSE
37,2,Compare,CSA,FALSE,27.721,FALSE
37,3,Detect Change,LB,TRUE,14.538,FALSE
37,4,Recognize,CSA,TRUE,5.239,FALSE
37,5,Summarize,CSA,FALSE,33.468,TRUE
37,6,Detect Change,None,FALSE,19.97,FALSE
37,7,Filter,None,TRUE,39.491,FALSE
37,8,Compare,LB,FALSE,12.308,FALSE
37,9,Cluster,IT,TRUE,27.086,FALSE
37,10,Filter,IT,TRUE,43.812,FALSE
37,11,Find Adjacency,LB,TRUE,27.257,FALSE
37,12,Find Top,None,TRUE,13.707,FALSE
37,13,Cluster,All,TRUE,38.476,FALSE
37,14,Compare,All,TRUE,12.65,FALSE
37,15,Find Top,IT,TRUE,20.263,FALSE
37,16,Find Adjacency,IT,TRUE,19.522,FALSE
37,17,Compare,IT,TRUE,24.465,FALSE
37,18,Summarize,LB,FALSE,18.956,FALSE
37,19,Recognize,None,TRUE,8.349,FALSE
37,20,Find Top,All,TRUE,10.643,FALSE
37,21,Cluster,CSA,TRUE,31.31,FALSE
37,22,Summarize,All,TRUE,23.839,TRUE
37,23,Find Adjacency,All,TRUE,16.575,FALSE
37,24,Recognize,IT,TRUE,4.563,FALSE
37,25,Summarize,None,FALSE,22.914,FALSE
37,26,Recognize,All,TRUE,4.219,FALSE
37,27,Find Top,CSA,TRUE,38.114,FALSE
37,28,Detect Change,CSA,TRUE,11.148,TRUE
37,29,Cluster,LB,TRUE,62.038,FALSE
37,30,Compare,None,TRUE,27.136,FALSE
37,31,Filter,LB,FALSE,14.082,FALSE
37,32,Detect Change,IT,TRUE,20.152,FALSE
37,33,Find Top,LB,TRUE,10.268,FALSE
37,34,Summarize,IT,FALSE,12.496,FALSE
37,35,Filter,CSA,TRUE,18.273,FALSE
37,36,Find Adjacency,CSA,TRUE,8.189,FALSE
37,37,Recognize,LB,TRUE,7.299,FALSE
37,38,Find Adjacency,None,TRUE,20.548,FALSE
37,39,Detect Change,All,FALSE,31.113,TRUE
37,40,Filter,All,TRUE,42.772,FALSE
38,1,Cluster,LB,TRUE,88.673,NA
38,2,Compare,All,TRUE,34.809,NA
38,3,Detect Change,IT,TRUE,46.679,NA
38,4,Recognize,All,TRUE,16.662,NA
38,5,Summarize,All,TRUE,62.117,NA
38,6,Detect Change,LB,TRUE,45.086,NA
38,7,Filter,LB,TRUE,32.817,NA
38,8,Compare,IT,FALSE,28.381,NA
38,9,Cluster,CSA,FALSE,50.006,NA
38,10,Filter,CSA,FALSE,74.656,NA
38,11,Find Adjacency,IT,TRUE,37.724,NA
38,12,Find Top,LB,TRUE,19.663,NA
38,13,Cluster,None,TRUE,83.444,NA
38,14,Compare,None,TRUE,40.219,NA
38,15,Find Top,CSA,TRUE,55.699,NA
38,16,Find Adjacency,CSA,TRUE,26.434,NA
38,17,Compare,CSA,TRUE,32.157,NA
38,18,Summarize,IT,FALSE,34.613,NA
38,19,Recognize,LB,TRUE,11.061,NA
38,20,Find Top,None,TRUE,13.862,NA
38,21,Cluster,All,TRUE,115.288,NA
38,22,Summarize,None,TRUE,18.125,NA
38,23,Find Adjacency,None,FALSE,109.158,NA
38,24,Recognize,CSA,TRUE,11.974,NA
38,25,Summarize,LB,TRUE,13.931,NA
38,26,Recognize,None,TRUE,9.438,NA
38,27,Find Top,All,TRUE,27.688,NA
38,28,Detect Change,All,TRUE,20.57,NA
38,29,Cluster,IT,TRUE,44.399,NA
38,30,Compare,LB,FALSE,28.824,NA
38,31,Filter,IT,TRUE,42.735,NA
38,32,Detect Change,CSA,TRUE,19.42,NA
38,33,Find Top,IT,TRUE,18.335,NA
38,34,Summarize,CSA,TRUE,37.951,NA
38,35,Filter,All,TRUE,63.35,NA
38,36,Find Adjacency,All,TRUE,13.454,NA
38,37,Recognize,IT,TRUE,9.879,NA
38,38,Find Adjacency,LB,TRUE,41.655,NA
38,39,Detect Change,None,FALSE,16.963,NA
38,40,Filter,None,TRUE,47.81,NA
39,1,Cluster,IT,TRUE,89.468,FALSE
39,2,Compare,None,TRUE,27.939,FALSE
39,3,Detect Change,CSA,TRUE,38.373,TRUE
39,4,Recognize,None,TRUE,9.647,FALSE
39,5,Summarize,None,FALSE,40.739,FALSE
39,6,Detect Change,IT,TRUE,30.749,FALSE
39,7,Filter,IT,TRUE,62.963,FALSE
39,8,Compare,CSA,FALSE,13.246,FALSE
39,9,Cluster,All,FALSE,105.963,FALSE
39,10,Filter,All,TRUE,52.109,FALSE
39,11,Find Adjacency,CSA,TRUE,19.713,FALSE
39,12,Find Top,IT,TRUE,14.579,FALSE
39,13,Cluster,LB,TRUE,56.622,FALSE
39,14,Compare,LB,FALSE,22.773,FALSE
39,15,Find Top,All,TRUE,113.151,FALSE
39,16,Find Adjacency,All,TRUE,23.298,FALSE
39,17,Compare,All,TRUE,31.32,FALSE
39,18,Summarize,CSA,TRUE,28.263,TRUE
39,19,Recognize,IT,TRUE,8.56,FALSE
39,20,Find Top,LB,TRUE,22.791,FALSE
39,21,Cluster,None,FALSE,51.492,FALSE
39,22,Summarize,LB,TRUE,18.184,FALSE
39,23,Find Adjacency,LB,TRUE,19.034,FALSE
39,24,Recognize,All,TRUE,10.076,FALSE
39,25,Summarize,IT,FALSE,23.404,FALSE
39,26,Recognize,LB,TRUE,7.784,FALSE
39,27,Find Top,None,TRUE,45.949,FALSE
39,28,Detect Change,None,TRUE,29.407,FALSE
39,29,Cluster,CSA,FALSE,32.461,TRUE
39,30,Compare,IT,TRUE,40.338,FALSE
39,31,Filter,CSA,FALSE,21.935,FALSE
39,32,Detect Change,All,TRUE,16.082,TRUE
39,33,Find Top,CSA,TRUE,54.243,FALSE
39,34,Summarize,All,FALSE,27.531,TRUE
39,35,Filter,None,FALSE,79.688,FALSE
39,36,Find Adjacency,None,TRUE,21.349,FALSE
39,37,Recognize,CSA,TRUE,7.886,FALSE
39,38,Find Adjacency,IT,TRUE,12.65,FALSE
39,39,Detect Change,LB,TRUE,17.85,FALSE
39,40,Filter,LB,TRUE,55.38,FALSE
40,1,Cluster,CSA,TRUE,90.404,FALSE
40,2,Compare,LB,TRUE,30.084,FALSE
40,3,Detect Change,All,TRUE,47.932,TRUE
40,4,Recognize,LB,TRUE,27.771,FALSE
40,5,Summarize,LB,FALSE,49.808,FALSE
40,6,Detect Change,CSA,TRUE,29.274,TRUE
40,7,Filter,CSA,TRUE,53.96,FALSE
40,8,Compare,All,TRUE,40.01,FALSE
40,9,Cluster,None,FALSE,64.358,FALSE
40,10,Filter,None,TRUE,112.584,FALSE
40,11,Find Adjacency,All,TRUE,28.569,FALSE
40,12,Find Top,CSA,TRUE,13.254,FALSE
40,13,Cluster,IT,TRUE,49.103,FALSE
40,14,Compare,IT,TRUE,82.461,FALSE
40,15,Find Top,None,TRUE,88.376,FALSE
40,16,Find Adjacency,None,TRUE,13.635,FALSE
40,17,Compare,None,TRUE,25.909,FALSE
40,18,Summarize,All,FALSE,50.058,TRUE
40,19,Recognize,CSA,TRUE,9.593,FALSE
40,20,Find Top,IT,TRUE,14.643,FALSE
40,21,Cluster,LB,TRUE,104.329,FALSE
40,22,Summarize,IT,TRUE,27.426,FALSE
40,23,Find Adjacency,IT,TRUE,28.787,FALSE
40,24,Recognize,None,TRUE,10.54,FALSE
40,25,Summarize,CSA,TRUE,30.296,TRUE
40,26,Recognize,IT,TRUE,8.321,FALSE
40,27,Find Top,LB,TRUE,13.177,FALSE
40,28,Detect Change,LB,TRUE,29.568,FALSE
40,29,Cluster,All,TRUE,23.105,FALSE
40,30,Compare,CSA,TRUE,38.73,FALSE
40,31,Filter,All,TRUE,29.804,FALSE
40,32,Detect Change,None,TRUE,21.389,FALSE
40,33,Find Top,All,TRUE,18.372,FALSE
40,34,Summarize,None,FALSE,20.987,FALSE
40,35,Filter,LB,TRUE,31.091,FALSE
40,36,Find Adjacency,LB,TRUE,22.976,FALSE
40,37,Recognize,All,TRUE,8.746,FALSE
40,38,Find Adjacency,CSA,TRUE,15.952,FALSE
40,39,Detect Change,IT,TRUE,36.4,FALSE
40,40,Filter,IT,TRUE,64.409,FALSE
41,1,Cluster,All,TRUE,53.777,FALSE
41,2,Compare,IT,TRUE,46.669,FALSE
41,3,Detect Change,None,TRUE,35.343,FALSE
41,4,Recognize,IT,TRUE,11.141,FALSE
41,5,Summarize,IT,FALSE,78.38,FALSE
41,6,Detect Change,All,TRUE,50.536,TRUE
41,7,Filter,All,TRUE,45.837,FALSE
41,8,Compare,None,TRUE,34.297,FALSE
41,9,Cluster,LB,FALSE,58.862,FALSE
41,10,Filter,LB,TRUE,54.065,FALSE
41,11,Find Adjacency,None,TRUE,37.101,FALSE
41,12,Find Top,All,TRUE,11.975,FALSE
41,13,Cluster,CSA,TRUE,72.261,FALSE
41,14,Compare,CSA,TRUE,64.243,TRUE
41,15,Find Top,LB,TRUE,30.477,FALSE
41,16,Find Adjacency,LB,TRUE,22.581,FALSE
41,17,Compare,LB,TRUE,33.221,FALSE
41,18,Summarize,None,FALSE,47.722,FALSE
41,19,Recognize,All,TRUE,9.466,FALSE
41,20,Find Top,CSA,TRUE,12.715,FALSE
41,21,Cluster,IT,TRUE,20.967,FALSE
41,22,Summarize,CSA,TRUE,29.109,TRUE
41,23,Find Adjacency,CSA,TRUE,15.392,FALSE
41,24,Recognize,LB,TRUE,17.37,FALSE
41,25,Summarize,All,TRUE,31.844,TRUE
41,26,Recognize,CSA,TRUE,10.425,FALSE
41,27,Find Top,IT,TRUE,14.357,FALSE
41,28,Detect Change,IT,TRUE,36.448,FALSE
41,29,Cluster,None,TRUE,53.265,FALSE
41,30,Compare,All,TRUE,33.775,FALSE
41,31,Filter,None,TRUE,88.948,FALSE
41,32,Detect Change,LB,TRUE,23.654,FALSE
41,33,Find Top,None,TRUE,22.426,FALSE
41,34,Summarize,LB,FALSE,17.196,FALSE
41,35,Filter,IT,TRUE,56.937,FALSE
41,36,Find Adjacency,IT,TRUE,29.437,FALSE
41,37,Recognize,None,TRUE,8.53,FALSE
41,38,Find Adjacency,All,TRUE,30.773,FALSE
41,39,Detect Change,CSA,FALSE,23.718,TRUE
41,40,Filter,CSA,TRUE,50.875,FALSE
42,1,Cluster,None,TRUE,73.08,FALSE
42,2,Compare,CSA,TRUE,34.054,FALSE
42,3,Detect Change,LB,TRUE,34.381,FALSE
42,4,Recognize,CSA,TRUE,19.854,FALSE
42,5,Summarize,CSA,FALSE,40.026,TRUE
42,6,Detect Change,None,TRUE,24.275,FALSE
42,7,Filter,None,TRUE,30.386,FALSE
42,8,Compare,LB,TRUE,44.343,FALSE
42,9,Cluster,IT,FALSE,30.454,FALSE
42,10,Filter,IT,TRUE,25.975,FALSE
42,11,Find Adjacency,LB,TRUE,35.283,FALSE
42,12,Find Top,None,TRUE,11.161,FALSE
42,13,Cluster,All,TRUE,52.826,FALSE
42,14,Compare,All,TRUE,14.141,FALSE
42,15,Find Top,IT,TRUE,26.646,FALSE
42,16,Find Adjacency,IT,TRUE,20.104,FALSE
42,17,Compare,IT,TRUE,22.874,FALSE
42,18,Summarize,LB,FALSE,22.138,FALSE
42,19,Recognize,None,TRUE,8.019,FALSE
42,20,Find Top,All,TRUE,11.463,FALSE
42,21,Cluster,CSA,TRUE,25.108,FALSE
42,22,Summarize,All,FALSE,24.785,TRUE
42,23,Find Adjacency,All,TRUE,21.846,FALSE
42,24,Recognize,IT,TRUE,4.818,FALSE
42,25,Summarize,None,FALSE,9.065,FALSE
42,26,Recognize,All,TRUE,5.186,FALSE
42,27,Find Top,CSA,TRUE,19.026,FALSE
42,28,Detect Change,CSA,TRUE,30.102,TRUE
42,29,Cluster,LB,TRUE,19.675,FALSE
42,30,Compare,None,TRUE,19.413,FALSE
42,31,Filter,LB,TRUE,30.083,FALSE
42,32,Detect Change,IT,TRUE,37.933,FALSE
42,33,Find Top,LB,TRUE,9.087,FALSE
42,34,Summarize,IT,FALSE,8.986,FALSE
42,35,Filter,CSA,TRUE,40.177,FALSE
42,36,Find Adjacency,CSA,TRUE,17.148,FALSE
42,37,Recognize,LB,TRUE,5.35,FALSE
42,38,Find Adjacency,None,TRUE,12.112,FALSE
42,39,Detect Change,All,FALSE,30.043,TRUE
42,40,Filter,All,TRUE,38.582,FALSE
43,1,Cluster,LB,TRUE,45.582,FALSE
43,2,Compare,All,TRUE,31.885,FALSE
43,3,Detect Change,IT,TRUE,34.489,FALSE
43,4,Recognize,All,TRUE,11.311,FALSE
43,5,Summarize,All,TRUE,58.602,TRUE
43,6,Detect Change,LB,FALSE,31.431,FALSE
43,7,Filter,LB,TRUE,57.743,FALSE
43,8,Compare,IT,TRUE,16.405,FALSE
43,9,Cluster,CSA,TRUE,53.595,FALSE
43,10,Filter,CSA,TRUE,19.682,TRUE
43,11,Find Adjacency,IT,TRUE,25.178,FALSE
43,12,Find Top,LB,TRUE,20.337,FALSE
43,13,Cluster,None,TRUE,71.189,FALSE
43,14,Compare,None,TRUE,24.634,FALSE
43,15,Find Top,CSA,TRUE,42.453,FALSE
43,16,Find Adjacency,CSA,TRUE,29.455,FALSE
43,17,Compare,CSA,TRUE,30.715,FALSE
43,18,Summarize,IT,FALSE,90.475,FALSE
43,19,Recognize,LB,TRUE,9.676,FALSE
43,20,Find Top,None,TRUE,6.365,FALSE
43,21,Cluster,All,TRUE,24.024,FALSE
43,22,Summarize,None,FALSE,47.764,FALSE
43,23,Find Adjacency,None,TRUE,23.764,FALSE
43,24,Recognize,CSA,TRUE,5.757,FALSE
43,25,Summarize,LB,TRUE,28.514,FALSE
43,26,Recognize,None,TRUE,11.397,FALSE
43,27,Find Top,All,TRUE,25.254,FALSE
43,28,Detect Change,All,TRUE,9.773,TRUE
43,29,Cluster,IT,TRUE,49.92,FALSE
43,30,Compare,LB,FALSE,39.347,FALSE
43,31,Filter,IT,TRUE,18.066,FALSE
43,32,Detect Change,CSA,TRUE,20.749,TRUE
43,33,Find Top,IT,TRUE,23.468,FALSE
43,34,Summarize,CSA,FALSE,35.336,TRUE
43,35,Filter,All,TRUE,33.318,FALSE
43,36,Find Adjacency,All,TRUE,7.997,FALSE
43,37,Recognize,IT,TRUE,7.582,FALSE
43,38,Find Adjacency,LB,TRUE,14.041,FALSE
43,39,Detect Change,None,TRUE,16.003,FALSE
43,40,Filter,None,TRUE,37.998,FALSE
44,1,Cluster,IT,TRUE,60.755,FALSE
44,2,Compare,None,FALSE,60.068,FALSE
44,3,Detect Change,CSA,TRUE,36.391,TRUE
44,4,Recognize,None,TRUE,22.446,FALSE
44,5,Summarize,None,FALSE,67.521,FALSE
44,6,Detect Change,IT,TRUE,37.079,FALSE
44,7,Filter,IT,TRUE,62.647,FALSE
44,8,Compare,CSA,TRUE,44.16,TRUE
44,9,Cluster,All,TRUE,59.301,FALSE
44,10,Filter,All,TRUE,59.896,FALSE
44,11,Find Adjacency,CSA,TRUE,25.187,FALSE
44,12,Find Top,IT,TRUE,38.787,FALSE
44,13,Cluster,LB,TRUE,97.398,FALSE
44,14,Compare,LB,TRUE,40.206,FALSE
44,15,Find Top,All,TRUE,46.206,FALSE
44,16,Find Adjacency,All,FALSE,23.606,FALSE
44,17,Compare,All,TRUE,48.815,FALSE
44,18,Summarize,CSA,TRUE,54.68,TRUE
44,19,Recognize,IT,TRUE,12.48,FALSE
44,20,Find Top,LB,TRUE,25.517,FALSE
44,21,Cluster,None,FALSE,47.166,FALSE
44,22,Summarize,LB,TRUE,37.48,FALSE
44,23,Find Adjacency,LB,TRUE,31.22,FALSE
44,24,Recognize,All,TRUE,14.742,FALSE
44,25,Summarize,IT,FALSE,67.277,FALSE
44,26,Recognize,LB,TRUE,15.457,FALSE
44,27,Find Top,None,TRUE,33.4,FALSE
44,28,Detect Change,None,TRUE,37.184,FALSE
44,29,Cluster,CSA,FALSE,41.619,FALSE
44,30,Compare,IT,TRUE,26.76,FALSE
44,31,Filter,CSA,FALSE,63.856,FALSE
44,32,Detect Change,All,TRUE,37.466,FALSE
44,33,Find Top,CSA,TRUE,68.698,FALSE
44,34,Summarize,All,FALSE,68.6,TRUE
44,35,Filter,None,TRUE,61.591,FALSE
44,36,Find Adjacency,None,TRUE,19.265,FALSE
44,37,Recognize,CSA,TRUE,13.446,FALSE
44,38,Find Adjacency,IT,TRUE,19.395,FALSE
44,39,Detect Change,LB,TRUE,27.184,FALSE
44,40,Filter,LB,FALSE,40.05,FALSE
45,1,Cluster,CSA,TRUE,47.817,TRUE
45,2,Compare,LB,TRUE,32.156,FALSE
45,3,Detect Change,All,TRUE,27.429,TRUE
45,4,Recognize,LB,TRUE,14.549,FALSE
45,5,Summarize,LB,FALSE,46.318,FALSE
45,6,Detect Change,CSA,TRUE,16.853,TRUE
45,7,Filter,CSA,TRUE,25.829,FALSE
45,8,Compare,All,TRUE,17.526,FALSE
45,9,Cluster,None,TRUE,33.962,FALSE
45,10,Filter,None,TRUE,57.709,FALSE
45,11,Find Adjacency,All,TRUE,19.06,FALSE
45,12,Find Top,CSA,TRUE,10.841,TRUE
45,13,Cluster,IT,TRUE,18.48,FALSE
45,14,Compare,IT,TRUE,26.927,FALSE
45,15,Find Top,None,TRUE,33.239,FALSE
45,16,Find Adjacency,None,TRUE,16.654,FALSE
45,17,Compare,None,TRUE,17.081,FALSE
45,18,Summarize,All,TRUE,44.768,TRUE
45,19,Recognize,CSA,TRUE,6.89,FALSE
45,20,Find Top,IT,TRUE,28.018,FALSE
45,21,Cluster,LB,TRUE,50.758,FALSE
45,22,Summarize,IT,FALSE,23.276,FALSE
45,23,Find Adjacency,IT,TRUE,22.786,FALSE
45,24,Recognize,None,TRUE,10.644,FALSE
45,25,Summarize,CSA,TRUE,39.094,TRUE
45,26,Recognize,IT,TRUE,8.553,FALSE
45,27,Find Top,LB,TRUE,58.317,FALSE
45,28,Detect Change,LB,TRUE,10.568,FALSE
45,29,Cluster,All,TRUE,35.825,FALSE
45,30,Compare,CSA,TRUE,28.832,TRUE
45,31,Filter,All,TRUE,20.62,FALSE
45,32,Detect Change,None,TRUE,22.097,FALSE
45,33,Find Top,All,TRUE,38.307,FALSE
45,34,Summarize,None,TRUE,27.12,FALSE
45,35,Filter,LB,TRUE,88.386,FALSE
45,36,Find Adjacency,LB,TRUE,42.169,FALSE
45,37,Recognize,All,TRUE,16.086,FALSE
45,38,Find Adjacency,CSA,TRUE,22.293,FALSE
45,39,Detect Change,IT,TRUE,19.981,FALSE
45,40,Filter,IT,TRUE,79.851,FALSE
46,1,Cluster,All,TRUE,59.354,FALSE
46,2,Compare,IT,TRUE,64.257,FALSE
46,3,Detect Change,None,TRUE,42.586,FALSE
46,4,Recognize,IT,TRUE,31.617,FALSE
46,5,Summarize,IT,FALSE,65.868,FALSE
46,6,Detect Change,All,TRUE,51.178,TRUE
46,7,Filter,All,TRUE,47.301,FALSE
46,8,Compare,None,FALSE,29.12,FALSE
46,9,Cluster,LB,TRUE,57.871,FALSE
46,10,Filter,LB,FALSE,51.335,FALSE
46,11,Find Adjacency,None,TRUE,18.627,FALSE
46,12,Find Top,All,TRUE,15.303,FALSE
46,13,Cluster,CSA,TRUE,62.325,TRUE
46,14,Compare,CSA,TRUE,24.63,FALSE
46,15,Find Top,LB,TRUE,56.8,FALSE
46,16,Find Adjacency,LB,FALSE,23.732,FALSE
46,17,Compare,LB,TRUE,20.919,FALSE
46,18,Summarize,None,FALSE,42.997,FALSE
46,19,Recognize,All,TRUE,17.318,FALSE
46,20,Find Top,CSA,TRUE,15.438,FALSE
46,21,Cluster,IT,TRUE,76.747,FALSE
46,22,Summarize,CSA,FALSE,34.73,TRUE
46,23,Find Adjacency,CSA,TRUE,17.168,FALSE
46,24,Recognize,LB,TRUE,16.6,FALSE
46,25,Summarize,All,TRUE,21.766,TRUE
46,26,Recognize,CSA,TRUE,9.05,FALSE
46,27,Find Top,IT,TRUE,57.833,FALSE
46,28,Detect Change,IT,TRUE,24.13,FALSE
46,29,Cluster,None,TRUE,42.989,FALSE
46,30,Compare,All,TRUE,83.474,TRUE
46,31,Filter,None,TRUE,36.417,FALSE
46,32,Detect Change,LB,TRUE,25.229,FALSE
46,33,Find Top,None,TRUE,9.612,FALSE
46,34,Summarize,LB,FALSE,64.998,FALSE
46,35,Filter,IT,TRUE,70.605,FALSE
46,36,Find Adjacency,IT,TRUE,11.667,FALSE
46,37,Recognize,None,TRUE,12.057,FALSE
46,38,Find Adjacency,All,TRUE,14.766,FALSE
46,39,Detect Change,CSA,TRUE,25.979,TRUE
46,40,Filter,CSA,TRUE,52.314,FALSE
47,1,Cluster,None,TRUE,73.898,FALSE
47,2,Compare,CSA,TRUE,41.313,TRUE
47,3,Detect Change,LB,TRUE,31.17,FALSE
47,4,Recognize,CSA,TRUE,23.385,TRUE
47,5,Summarize,CSA,TRUE,40.521,TRUE
47,6,Detect Change,None,TRUE,39.951,FALSE
47,7,Filter,None,TRUE,39.956,FALSE
47,8,Compare,LB,TRUE,26.972,FALSE
47,9,Cluster,IT,FALSE,70.502,FALSE
47,10,Filter,IT,TRUE,107.035,FALSE
47,11,Find Adjacency,LB,TRUE,25.23,FALSE
47,12,Find Top,None,TRUE,10.634,FALSE
47,13,Cluster,All,TRUE,110.686,FALSE
47,14,Compare,All,TRUE,20.159,FALSE
47,15,Find Top,IT,TRUE,20.438,FALSE
47,16,Find Adjacency,IT,TRUE,28.067,FALSE
47,17,Compare,IT,TRUE,26.655,FALSE
47,18,Summarize,LB,FALSE,51.925,FALSE
47,19,Recognize,None,TRUE,10.383,FALSE
47,20,Find Top,All,TRUE,34.633,TRUE
47,21,Cluster,CSA,TRUE,77.636,TRUE
47,22,Summarize,All,TRUE,27,TRUE
47,23,Find Adjacency,All,TRUE,18.013,FALSE
47,24,Recognize,IT,TRUE,7.379,FALSE
47,25,Summarize,None,FALSE,26.374,FALSE
47,26,Recognize,All,TRUE,7.307,FALSE
47,27,Find Top,CSA,TRUE,31.048,FALSE
47,28,Detect Change,CSA,TRUE,17.817,TRUE
47,29,Cluster,LB,TRUE,68.744,FALSE
47,30,Compare,None,TRUE,19.845,FALSE
47,31,Filter,LB,FALSE,52.357,FALSE
47,32,Detect Change,IT,TRUE,27.076,FALSE
47,33,Find Top,LB,TRUE,14.223,FALSE
47,34,Summarize,IT,FALSE,69.976,FALSE
47,35,Filter,CSA,TRUE,64.814,FALSE
47,36,Find Adjacency,CSA,TRUE,25.452,TRUE
47,37,Recognize,LB,TRUE,8.212,FALSE
47,38,Find Adjacency,None,TRUE,14.327,FALSE
47,39,Detect Change,All,TRUE,19.74,TRUE
47,40,Filter,All,TRUE,60.293,FALSE
48,1,Cluster,LB,FALSE,64.742,FALSE
48,2,Compare,All,TRUE,43.962,FALSE
48,3,Detect Change,IT,TRUE,60.03,FALSE
48,4,Recognize,All,TRUE,9.859,FALSE
48,5,Summarize,All,TRUE,46.847,TRUE
48,6,Detect Change,LB,TRUE,23.992,FALSE
48,7,Filter,LB,TRUE,33.08,FALSE
48,8,Compare,IT,TRUE,27.59,FALSE
48,9,Cluster,CSA,FALSE,16.829,FALSE
48,10,Filter,CSA,FALSE,86.699,TRUE
48,11,Find Adjacency,IT,TRUE,22.246,FALSE
48,12,Find Top,LB,TRUE,8.378,FALSE
48,13,Cluster,None,TRUE,41.172,FALSE
48,14,Compare,None,TRUE,36.832,FALSE
48,15,Find Top,CSA,TRUE,41.043,TRUE
48,16,Find Adjacency,CSA,TRUE,16.948,FALSE
48,17,Compare,CSA,TRUE,27.607,FALSE
48,18,Summarize,IT,FALSE,30.716,FALSE
48,19,Recognize,LB,TRUE,6.808,FALSE
48,20,Find Top,None,TRUE,13.787,FALSE
48,21,Cluster,All,TRUE,44.32,FALSE
48,22,Summarize,None,TRUE,41.125,FALSE
48,23,Find Adjacency,None,TRUE,25.418,FALSE
48,24,Recognize,CSA,TRUE,14.429,FALSE
48,25,Summarize,LB,FALSE,20.057,FALSE
48,26,Recognize,None,TRUE,5.533,FALSE
48,27,Find Top,All,TRUE,83.737,FALSE
48,28,Detect Change,All,FALSE,12.168,FALSE
48,29,Cluster,IT,TRUE,43.619,FALSE
48,30,Compare,LB,TRUE,26.856,FALSE
48,31,Filter,IT,TRUE,14.587,FALSE
48,32,Detect Change,CSA,TRUE,43.179,TRUE
48,33,Find Top,IT,TRUE,7.344,FALSE
48,34,Summarize,CSA,TRUE,29.802,TRUE
48,35,Filter,All,TRUE,48.769,FALSE
48,36,Find Adjacency,All,TRUE,11.14,FALSE
48,37,Recognize,IT,TRUE,7.277,FALSE
48,38,Find Adjacency,LB,TRUE,15.303,FALSE
48,39,Detect Change,None,TRUE,31.469,FALSE
48,40,Filter,None,TRUE,52.6,FALSE
49,1,Cluster,IT,TRUE,65.165,FALSE
49,2,Compare,None,TRUE,30.368,FALSE
49,3,Detect Change,CSA,TRUE,41.725,FALSE
49,4,Recognize,None,TRUE,13.446,FALSE
49,5,Summarize,None,FALSE,44.098,FALSE
49,6,Detect Change,IT,TRUE,36.066,FALSE
49,7,Filter,IT,TRUE,29.984,FALSE
49,8,Compare,CSA,TRUE,48.087,TRUE
49,9,Cluster,All,FALSE,116.965,TRUE
49,10,Filter,All,FALSE,97.941,FALSE
49,11,Find Adjacency,CSA,TRUE,21.92,FALSE
49,12,Find Top,IT,TRUE,30.673,FALSE
49,13,Cluster,LB,TRUE,72.925,FALSE
49,14,Compare,LB,TRUE,43.346,FALSE
49,15,Find Top,All,TRUE,30.26,FALSE
49,16,Find Adjacency,All,FALSE,37.44,TRUE
49,17,Compare,All,TRUE,22.822,FALSE
49,18,Summarize,CSA,TRUE,24.061,TRUE
49,19,Recognize,IT,TRUE,13.878,FALSE
49,20,Find Top,LB,TRUE,15.125,FALSE
49,21,Cluster,None,TRUE,99.376,FALSE
49,22,Summarize,LB,FALSE,30.016,FALSE
49,23,Find Adjacency,LB,TRUE,21.44,FALSE
49,24,Recognize,All,TRUE,6.949,FALSE
49,25,Summarize,IT,FALSE,24.973,FALSE
49,26,Recognize,LB,TRUE,10.598,FALSE
49,27,Find Top,None,FALSE,31.271,FALSE
49,28,Detect Change,None,TRUE,14.947,FALSE
49,29,Cluster,CSA,TRUE,47.13,FALSE
49,30,Compare,IT,TRUE,44.456,FALSE
49,31,Filter,CSA,TRUE,50.351,FALSE
49,32,Detect Change,All,TRUE,34.835,TRUE
49,33,Find Top,CSA,TRUE,8.918,FALSE
49,34,Summarize,All,TRUE,22.704,TRUE
49,35,Filter,None,TRUE,78.245,FALSE
49,36,Find Adjacency,None,TRUE,15.31,FALSE
49,37,Recognize,CSA,TRUE,7.486,FALSE
49,38,Find Adjacency,IT,TRUE,22.469,FALSE
49,39,Detect Change,LB,TRUE,14.258,FALSE
49,40,Filter,LB,TRUE,36.766,FALSE
50,1,Cluster,CSA,TRUE,60.662,FALSE
50,2,Compare,LB,TRUE,45.726,FALSE
50,3,Detect Change,All,TRUE,42.633,TRUE
50,4,Recognize,LB,TRUE,16.578,FALSE
50,5,Summarize,LB,FALSE,63.913,FALSE
50,6,Detect Change,CSA,TRUE,30.357,TRUE
50,7,Filter,CSA,FALSE,36.637,FALSE
50,8,Compare,All,TRUE,27.223,FALSE
50,9,Cluster,None,TRUE,42.705,FALSE
50,10,Filter,None,TRUE,53.908,FALSE
50,11,Find Adjacency,All,TRUE,17.353,FALSE
50,12,Find Top,CSA,TRUE,12.874,FALSE
50,13,Cluster,IT,TRUE,47.861,FALSE
50,14,Compare,IT,TRUE,89.59,FALSE
50,15,Find Top,None,TRUE,53.855,FALSE
50,16,Find Adjacency,None,TRUE,25.275,FALSE
50,17,Compare,None,TRUE,21.234,FALSE
50,18,Summarize,All,TRUE,34.255,TRUE
50,19,Recognize,CSA,TRUE,8.678,FALSE
50,20,Find Top,IT,TRUE,19.322,FALSE
50,21,Cluster,LB,TRUE,51.248,FALSE
50,22,Summarize,IT,FALSE,26.294,FALSE
50,23,Find Adjacency,IT,TRUE,11.19,FALSE
50,24,Recognize,None,TRUE,17.444,FALSE
50,25,Summarize,CSA,TRUE,28.628,TRUE
50,26,Recognize,IT,TRUE,7.515,FALSE
50,27,Find Top,LB,TRUE,44.35,FALSE
50,28,Detect Change,LB,TRUE,19.382,FALSE
50,29,Cluster,All,TRUE,40.92,FALSE
50,30,Compare,CSA,TRUE,26.844,FALSE
50,31,Filter,All,TRUE,54.774,FALSE
50,32,Detect Change,None,TRUE,17.697,FALSE
50,33,Find Top,All,TRUE,19.459,FALSE
50,34,Summarize,None,FALSE,29.624,FALSE
50,35,Filter,LB,FALSE,40.953,FALSE
50,36,Find Adjacency,LB,TRUE,26.605,FALSE
50,37,Recognize,All,TRUE,6.812,FALSE
50,38,Find Adjacency,CSA,TRUE,14.285,FALSE
50,39,Detect Change,IT,TRUE,21.704,FALSE
50,40,Filter,IT,TRUE,86.196,FALSE
51,1,Cluster,All,TRUE,91.625,TRUE
51,2,Compare,IT,TRUE,43.151,FALSE
51,3,Detect Change,None,TRUE,34.811,FALSE
51,4,Recognize,IT,TRUE,13.345,FALSE
51,5,Summarize,IT,FALSE,34.892,FALSE
51,6,Detect Change,All,TRUE,31.165,TRUE
51,7,Filter,All,TRUE,52.087,TRUE
51,8,Compare,None,TRUE,17.467,FALSE
51,9,Cluster,LB,TRUE,77.354,FALSE
51,10,Filter,LB,FALSE,119.173,FALSE
51,11,Find Adjacency,None,TRUE,28.053,FALSE
51,12,Find Top,All,TRUE,29.325,FALSE
51,13,Cluster,CSA,TRUE,23.215,TRUE
51,14,Compare,CSA,TRUE,33.065,TRUE
51,15,Find Top,LB,TRUE,72.657,FALSE
51,16,Find Adjacency,LB,TRUE,55.062,FALSE
51,17,Compare,LB,TRUE,23.216,FALSE
51,18,Summarize,None,FALSE,27.307,FALSE
51,19,Recognize,All,TRUE,7.484,FALSE
51,20,Find Top,CSA,TRUE,7.381,FALSE
51,21,Cluster,IT,TRUE,47.02,FALSE
51,22,Summarize,CSA,FALSE,24.918,TRUE
51,23,Find Adjacency,CSA,TRUE,23.045,FALSE
51,24,Recognize,LB,TRUE,8.173,FALSE
51,25,Summarize,All,TRUE,22.64,TRUE
51,26,Recognize,CSA,TRUE,7.893,FALSE
51,27,Find Top,IT,TRUE,33.931,FALSE
51,28,Detect Change,IT,TRUE,19.735,FALSE
51,29,Cluster,None,TRUE,29.788,FALSE
51,30,Compare,All,TRUE,28.315,FALSE
51,31,Filter,None,TRUE,55.127,FALSE
51,32,Detect Change,LB,TRUE,16.803,FALSE
51,33,Find Top,None,TRUE,11.031,FALSE
51,34,Summarize,LB,FALSE,23.398,FALSE
51,35,Filter,IT,TRUE,58.973,FALSE
51,36,Find Adjacency,IT,TRUE,27.83,FALSE
51,37,Recognize,None,TRUE,7.057,FALSE
51,38,Find Adjacency,All,TRUE,20.238,FALSE
51,39,Detect Change,CSA,TRUE,32.329,TRUE
51,40,Filter,CSA,TRUE,30.994,FALSE
52,1,Cluster,None,TRUE,43.511,FALSE
52,2,Compare,CSA,FALSE,38.236,FALSE
52,3,Detect Change,LB,TRUE,27.479,FALSE
52,4,Recognize,CSA,TRUE,19.753,FALSE
52,5,Summarize,CSA,TRUE,45.529,TRUE
52,6,Detect Change,None,TRUE,25.434,FALSE
52,7,Filter,None,TRUE,52.318,FALSE
52,8,Compare,LB,TRUE,39.287,FALSE
52,9,Cluster,IT,TRUE,59.871,FALSE
52,10,Filter,IT,TRUE,68.739,FALSE
52,11,Find Adjacency,LB,TRUE,23.58,FALSE
52,12,Find Top,None,TRUE,10.139,FALSE
52,13,Cluster,All,TRUE,68.747,FALSE
52,14,Compare,All,TRUE,21.333,FALSE
52,15,Find Top,IT,TRUE,50.832,FALSE
52,16,Find Adjacency,IT,FALSE,24.796,FALSE
52,17,Compare,IT,TRUE,26.835,FALSE
52,18,Summarize,LB,FALSE,42.784,FALSE
52,19,Recognize,None,TRUE,9.553,FALSE
52,20,Find Top,All,TRUE,7.973,FALSE
52,21,Cluster,CSA,FALSE,62.435,FALSE
52,22,Summarize,All,TRUE,23.292,TRUE
52,23,Find Adjacency,All,TRUE,16.877,FALSE
52,24,Recognize,IT,TRUE,6.483,FALSE
52,25,Summarize,None,TRUE,35.327,FALSE
52,26,Recognize,All,TRUE,7.261,FALSE
52,27,Find Top,CSA,TRUE,43.476,FALSE
52,28,Detect Change,CSA,TRUE,19.592,TRUE
52,29,Cluster,LB,TRUE,49.547,FALSE
52,30,Compare,None,TRUE,43.908,FALSE
52,31,Filter,LB,FALSE,30.888,FALSE
52,32,Detect Change,IT,TRUE,19.613,FALSE
52,33,Find Top,LB,TRUE,27.958,FALSE
52,34,Summarize,IT,FALSE,46.716,FALSE
52,35,Filter,CSA,TRUE,59.995,FALSE
52,36,Find Adjacency,CSA,TRUE,26.736,FALSE
52,37,Recognize,LB,TRUE,7.855,FALSE
52,38,Find Adjacency,None,TRUE,10.272,FALSE
52,39,Detect Change,All,TRUE,36.938,TRUE
52,40,Filter,All,TRUE,44.968,FALSE
53,1,Cluster,LB,TRUE,138.47,FALSE
53,2,Compare,All,TRUE,24.206,FALSE
53,3,Detect Change,IT,TRUE,49.397,FALSE
53,4,Recognize,All,TRUE,10.885,FALSE
53,5,Summarize,All,TRUE,48.542,TRUE
53,6,Detect Change,LB,TRUE,35.283,FALSE
53,7,Filter,LB,FALSE,60.225,FALSE
53,8,Compare,IT,TRUE,40.798,FALSE
53,9,Cluster,CSA,FALSE,70.031,FALSE
53,10,Filter,CSA,TRUE,73.16,FALSE
53,11,Find Adjacency,IT,TRUE,25.232,FALSE
53,12,Find Top,LB,TRUE,13.349,FALSE
53,13,Cluster,None,TRUE,58.392,FALSE
53,14,Compare,None,TRUE,18.598,FALSE
53,15,Find Top,CSA,TRUE,38.293,FALSE
53,16,Find Adjacency,CSA,TRUE,26.157,FALSE
53,17,Compare,CSA,TRUE,24.243,FALSE
53,18,Summarize,IT,FALSE,76.731,FALSE
53,19,Recognize,LB,TRUE,12.838,FALSE
53,20,Find Top,None,TRUE,12.425,FALSE
53,21,Cluster,All,TRUE,65.479,FALSE
53,22,Summarize,None,FALSE,90.303,FALSE
53,23,Find Adjacency,None,TRUE,9.533,FALSE
53,24,Recognize,CSA,TRUE,18.232,FALSE
53,25,Summarize,LB,FALSE,19.003,FALSE
53,26,Recognize,None,TRUE,17.555,FALSE
53,27,Find Top,All,TRUE,9.416,FALSE
53,28,Detect Change,All,TRUE,36.53,TRUE
53,29,Cluster,IT,TRUE,60.777,FALSE
53,30,Compare,LB,TRUE,46.835,FALSE
53,31,Filter,IT,TRUE,62.847,FALSE
53,32,Detect Change,CSA,TRUE,17.023,TRUE
53,33,Find Top,IT,TRUE,13.237,FALSE
53,34,Summarize,CSA,FALSE,27.84,TRUE
53,35,Filter,All,TRUE,62.031,FALSE
53,36,Find Adjacency,All,TRUE,22.871,FALSE
53,37,Recognize,IT,TRUE,6.04,FALSE
53,38,Find Adjacency,LB,TRUE,11.208,FALSE
53,39,Detect Change,None,TRUE,15.663,FALSE
53,40,Filter,None,TRUE,31.857,FALSE
54,1,Cluster,IT,TRUE,90.083,FALSE
54,2,Compare,None,TRUE,55.271,FALSE
54,3,Detect Change,CSA,TRUE,34.381,TRUE
54,4,Recognize,None,TRUE,27.492,FALSE
54,5,Summarize,None,FALSE,86.619,FALSE
54,6,Detect Change,IT,TRUE,22.073,FALSE
54,7,Filter,IT,TRUE,45.098,FALSE
54,8,Compare,CSA,TRUE,75.828,TRUE
54,9,Cluster,All,TRUE,118.474,FALSE
54,10,Filter,All,TRUE,118.336,FALSE
54,11,Find Adjacency,CSA,TRUE,16.092,FALSE
54,12,Find Top,IT,TRUE,38.133,FALSE
54,13,Cluster,LB,TRUE,33.737,FALSE
54,14,Compare,LB,TRUE,32.552,FALSE
54,15,Find Top,All,TRUE,37.979,FALSE
54,16,Find Adjacency,All,TRUE,15.968,FALSE
54,17,Compare,All,TRUE,23.096,FALSE
54,18,Summarize,CSA,TRUE,41.711,TRUE
54,19,Recognize,IT,TRUE,9.484,FALSE
54,20,Find Top,LB,TRUE,12.246,FALSE
54,21,Cluster,None,TRUE,38.106,FALSE
54,22,Summarize,LB,TRUE,16.891,FALSE
54,23,Find Adjacency,LB,TRUE,29.71,FALSE
54,24,Recognize,All,TRUE,7.916,FALSE
54,25,Summarize,IT,FALSE,14.026,FALSE
54,26,Recognize,LB,TRUE,7.37,FALSE
54,27,Find Top,None,TRUE,21.179,FALSE
54,28,Detect Change,None,TRUE,29.062,FALSE
54,29,Cluster,CSA,TRUE,16.978,FALSE
54,30,Compare,IT,TRUE,46.065,FALSE
54,31,Filter,CSA,TRUE,21.462,FALSE
54,32,Detect Change,All,TRUE,19.658,TRUE
54,33,Find Top,CSA,TRUE,7.527,FALSE
54,34,Summarize,All,FALSE,23.473,TRUE
54,35,Filter,None,TRUE,42.697,FALSE
54,36,Find Adjacency,None,TRUE,23.16,FALSE
54,37,Recognize,CSA,TRUE,4.893,FALSE
54,38,Find Adjacency,IT,TRUE,14.916,FALSE
54,39,Detect Change,LB,TRUE,15.185,FALSE
54,40,Filter,LB,TRUE,53.929,FALSE
55,1,Cluster,CSA,FALSE,81.606,TRUE
55,2,Compare,LB,TRUE,43.475,FALSE
55,3,Detect Change,All,TRUE,34.721,TRUE
55,4,Recognize,LB,TRUE,8.609,FALSE
55,5,Summarize,LB,FALSE,64.134,FALSE
55,6,Detect Change,CSA,TRUE,18.933,TRUE
55,7,Filter,CSA,TRUE,21.972,FALSE
55,8,Compare,All,TRUE,27.558,FALSE
55,9,Cluster,None,TRUE,57.446,FALSE
55,10,Filter,None,TRUE,45.171,FALSE
55,11,Find Adjacency,All,TRUE,38.341,FALSE
55,12,Find Top,CSA,TRUE,10.853,FALSE
55,13,Cluster,IT,TRUE,49.467,FALSE
55,14,Compare,IT,TRUE,32.648,FALSE
55,15,Find Top,None,TRUE,71.87,FALSE
55,16,Find Adjacency,None,TRUE,25.319,FALSE
55,17,Compare,None,TRUE,25.546,FALSE
55,18,Summarize,All,TRUE,61.812,TRUE
55,19,Recognize,CSA,TRUE,12.905,FALSE
55,20,Find Top,IT,TRUE,20.086,FALSE
55,21,Cluster,LB,TRUE,38.506,FALSE
55,22,Summarize,IT,FALSE,49.556,FALSE
55,23,Find Adjacency,IT,TRUE,37.808,FALSE
55,24,Recognize,None,TRUE,14.579,FALSE
55,25,Summarize,CSA,FALSE,37.344,TRUE
55,26,Recognize,IT,TRUE,7.092,FALSE
55,27,Find Top,LB,TRUE,33.615,FALSE
55,28,Detect Change,LB,TRUE,28.372,FALSE
55,29,Cluster,All,TRUE,41.014,FALSE
55,30,Compare,CSA,TRUE,22.191,FALSE
55,31,Filter,All,TRUE,42.238,FALSE
55,32,Detect Change,None,TRUE,24.774,FALSE
55,33,Find Top,All,TRUE,17.29,FALSE
55,34,Summarize,None,FALSE,14.788,FALSE
55,35,Filter,LB,TRUE,44.989,FALSE
55,36,Find Adjacency,LB,TRUE,27.7,FALSE
55,37,Recognize,All,TRUE,5.428,FALSE
55,38,Find Adjacency,CSA,TRUE,21.196,FALSE
55,39,Detect Change,IT,FALSE,31.124,FALSE
55,40,Filter,IT,FALSE,56.919,FALSE
